molecule_id,molecular_weight,logP,num_hydrogen_bond_donors,num_hydrogen_bond_acceptors,topological_polar_surface_area,rotatable_bonds,aromatic_rings,bioactivity_score,toxicity_risk_level,drug_likeness,binding_affinity_kcal_mol,clinical_trial_phase_prediction
1,387.25,2.72,3,11,88.96,2,2,0.715,Low,No,-9.38,Preclinical
2,339.63,5.73,1,9,117.17,14,1,0.426,Low,No,-5.91,Phase II
3,398.58,2.92,0,9,160.37,7,3,0.303,Low,Yes,-6.3,Preclinical
4,464.23,1.3,1,8,48.0,3,2,0.784,Low,Yes,-8.39,Phase III
5,332.44,2.39,1,10,86.89,1,2,0.494,Medium,Yes,-11.51,Preclinical
6,332.44,0.37,4,11,54.59,10,0,0.452,Medium,Yes,-5.85,Phase III
7,468.44,2.4,3,3,137.76,4,4,0.648,Low,No,-10.56,Phase II
8,407.56,1.5,5,2,72.37,0,2,-0.034,Low,Yes,-4.24,Phase II
9,314.79,3.6,4,5,46.7,12,2,0.619,High,Yes,-9.67,Phase III
10,390.69,1.84,2,1,109.15,7,5,0.603,Low,No,-7.48,Preclinical
11,315.24,2.36,1,3,142.33,13,3,0.155,Low,Yes,-7.15,Preclinical
12,315.07,1.74,2,1,109.91,7,2,0.015,Medium,Yes,-6.95,Preclinical
13,368.15,4.59,4,3,96.14,2,3,0.359,Low,No,-7.01,Preclinical
14,206.5,2.11,3,4,102.27,0,4,0.546,High,No,-7.3,Preclinical
15,220.63,4.7,4,7,132.45,3,5,0.571,Medium,No,-8.15,Phase I
16,307.83,3.48,3,5,63.77,8,0,0.926,Low,Yes,-7.84,Preclinical
17,274.04,3.08,3,5,86.64,8,0,0.546,Low,Yes,-8.48,Preclinical
18,373.57,2.94,0,1,76.42,14,4,0.15,Medium,Yes,-7.33,Preclinical
19,281.9,2.97,1,8,54.96,0,4,0.437,Low,No,-10.13,Phase I
20,244.08,0.19,4,4,80.15,10,5,0.175,High,Yes,-7.03,Phase III
21,459.92,2.17,3,10,123.23,14,5,0.455,Medium,No,-7.65,Phase I
22,333.07,3.51,4,5,107.0,6,1,0.852,Low,Yes,-6.24,Phase I
23,355.06,2.44,4,2,109.33,5,2,0.615,Medium,Yes,-7.96,Preclinical
24,243.14,0.81,3,1,94.39,13,2,0.32,Low,No,-6.6,Phase II
25,309.17,2.44,5,9,105.7,6,2,0.648,Low,No,-6.67,Preclinical
26,358.32,4.54,2,2,65.98,6,3,0.306,Medium,Yes,-7.71,Phase III
27,263.68,4.0,1,6,80.71,7,1,-0.191,Medium,No,-6.97,Phase I
28,378.18,2.43,1,1,95.76,7,2,0.192,Medium,No,-9.51,Preclinical
29,304.95,3.64,5,1,98.33,9,3,0.615,Low,No,-5.49,Phase III
30,328.12,2.06,0,9,99.61,13,3,0.693,Medium,No,-8.32,Phase III
31,304.87,0.46,5,4,85.85,10,0,0.929,Low,No,-7.77,Phase I
32,488.92,1.39,0,9,78.68,1,3,0.585,Medium,No,-9.08,Preclinical
33,348.99,4.38,0,11,184.73,11,4,0.837,Medium,Yes,-8.65,Phase II
34,270.67,2.17,5,5,117.2,11,5,0.658,Medium,Yes,-5.03,Preclinical
35,411.69,2.21,1,7,102.39,11,3,0.734,High,Yes,-7.29,Preclinical
36,258.44,2.14,2,1,83.0,3,4,0.775,High,Yes,-7.95,Preclinical
37,365.66,4.78,1,6,76.46,3,4,0.622,High,Yes,-7.95,Phase I
38,203.02,4.45,1,8,86.08,12,0,0.769,High,Yes,-7.5,Phase II
39,250.39,5.16,1,1,98.78,14,0,0.325,Medium,No,-6.42,Preclinical
40,364.76,2.31,5,9,33.59,10,3,-0.107,High,No,-7.21,Phase III
41,405.38,2.85,5,3,42.92,9,0,0.663,High,Yes,-7.18,Preclinical
42,362.85,0.68,5,1,70.89,11,0,0.594,Medium,Yes,-8.88,Preclinical
43,341.33,4.27,1,1,96.21,12,5,0.281,Low,No,-7.94,Phase I
44,327.42,1.1,2,11,82.82,7,2,0.184,Low,No,-7.27,Phase II
45,239.11,2.76,0,6,134.34,13,3,0.533,Medium,No,-7.55,Phase III
46,296.01,1.18,4,11,45.53,12,3,0.679,Low,No,-8.12,Phase II
47,315.45,1.79,0,6,67.46,12,3,0.63,Medium,No,-8.26,Preclinical
48,429.28,1.5,0,1,135.6,2,0,0.245,Low,Yes,-6.85,Phase III
49,375.77,1.77,4,3,93.93,11,5,0.301,Low,Yes,-6.81,Phase III
50,217.77,1.85,1,7,116.55,12,0,0.667,Medium,No,-6.02,Preclinical
51,374.31,1.84,2,10,151.54,14,4,0.518,High,Yes,-7.21,Phase I
52,321.12,3.5,2,3,69.19,12,1,0.765,Low,No,-10.61,Phase I
53,299.23,1.17,0,3,87.02,11,1,0.419,High,Yes,-3.96,Phase I
54,395.88,2.76,4,3,81.83,2,1,0.685,Medium,No,-7.51,Phase III
55,427.32,3.96,3,7,31.36,12,2,0.49,Low,Yes,-8.12,Preclinical
56,419.85,1.88,1,4,80.69,1,0,0.319,Low,Yes,-7.59,Phase I
57,287.06,1.64,0,4,116.43,0,4,0.732,Low,Yes,-8.09,Preclinical
58,326.81,2.22,2,3,106.22,7,4,0.252,Low,No,-8.73,Phase I
59,374.84,3.92,5,10,108.57,13,1,0.519,Low,Yes,-6.58,Phase II
60,423.17,2.73,5,11,78.73,8,5,0.544,Low,No,-7.72,Preclinical
61,314.06,1.86,4,9,70.32,8,2,0.47,Low,No,-7.63,Preclinical
62,336.08,3.08,4,2,128.08,10,2,0.748,Medium,No,-11.25,Phase III
63,267.02,1.18,0,4,75.08,7,1,0.643,Medium,No,-7.84,Phase II
64,260.28,3.32,3,8,98.82,4,1,0.613,Medium,Yes,-9.11,Phase I
65,410.94,2.99,2,6,94.9,0,0,0.517,Low,Yes,-8.28,Preclinical
66,451.72,2.13,0,7,133.85,8,5,0.964,Medium,Yes,-7.15,Phase I
67,344.6,1.49,3,7,119.14,5,2,0.866,High,No,-8.42,Phase II
68,425.26,1.44,4,2,51.14,11,4,0.73,Medium,No,-8.21,Phase II
69,377.12,3.14,5,4,54.37,14,1,0.689,High,Yes,-7.36,Preclinical
70,301.62,3.97,1,10,107.37,6,0,0.349,Medium,Yes,-8.26,Phase II
71,377.1,1.74,5,10,88.07,7,4,0.488,Medium,Yes,-9.08,Preclinical
72,465.35,3.05,2,6,76.34,12,2,0.659,Medium,Yes,-10.08,Preclinical
73,347.31,-0.0,2,3,120.47,4,1,0.763,Low,Yes,-7.0,Phase I
74,467.35,1.8,5,9,95.62,5,5,0.723,Low,Yes,-8.27,Preclinical
75,153.52,2.46,5,4,91.57,11,1,0.645,Low,Yes,-10.0,Preclinical
76,411.64,1.41,3,10,113.39,12,5,1.0,Low,Yes,-5.63,Phase II
77,356.53,1.38,0,2,78.75,6,0,0.466,Low,Yes,-6.99,Phase I
78,327.57,1.7,4,6,137.06,6,0,0.753,High,Yes,-9.28,Phase II
79,356.88,2.85,3,1,66.36,1,2,0.723,Low,Yes,-8.56,Phase II
80,200.93,2.28,1,6,109.71,13,5,0.611,High,Yes,-5.93,Phase II
81,333.52,-0.19,5,10,133.01,10,1,0.62,Medium,Yes,-7.76,Preclinical
82,376.78,-0.04,1,1,48.68,11,0,0.615,Low,Yes,-8.13,Preclinical
83,460.84,1.77,1,8,79.7,13,1,0.323,Low,Yes,-6.37,Phase I
84,311.13,3.05,3,5,124.27,0,2,0.6,Low,Yes,-7.75,Preclinical
85,289.36,-0.8,4,6,124.72,7,5,0.687,High,No,-5.66,Phase II
86,312.37,1.9,2,2,84.86,4,1,0.58,Medium,Yes,-8.12,Phase I
87,418.66,1.87,0,2,67.96,9,4,0.039,Low,Yes,-8.36,Preclinical
88,374.66,4.17,2,9,118.68,14,1,0.103,High,Yes,-7.48,Phase I
89,310.27,2.04,4,3,125.51,1,3,0.295,Medium,Yes,-6.05,Phase III
90,388.5,2.96,2,6,55.06,2,3,0.472,Low,No,-7.13,Preclinical
91,357.28,2.67,5,10,53.88,5,2,0.309,Medium,Yes,-7.34,Preclinical
92,422.65,-0.06,5,5,96.76,9,2,0.661,Medium,Yes,-8.71,Phase II
93,297.35,3.42,3,4,108.88,5,2,0.798,Low,Yes,-8.93,Preclinical
94,325.43,2.76,1,10,81.03,7,4,0.833,Medium,Yes,-6.05,Preclinical
95,320.59,3.11,4,2,110.38,4,5,0.584,Low,Yes,-5.89,Preclinical
96,240.24,7.21,4,8,68.7,4,4,0.771,Low,Yes,-5.94,Phase I
97,372.21,-0.0,2,10,26.56,6,1,0.359,Low,Yes,-6.31,Phase I
98,369.58,4.57,3,7,77.28,9,0,0.462,High,Yes,-6.83,Phase I
99,350.38,2.16,2,11,91.9,12,5,0.208,Medium,No,-6.85,Phase III
100,332.41,2.84,2,2,81.72,13,3,0.802,Low,No,-7.3,Phase II
101,243.85,2.45,4,6,55.24,14,3,0.991,Low,Yes,-6.66,Phase III
102,318.45,1.99,2,8,35.53,4,3,0.413,Low,Yes,-7.56,Phase I
103,324.3,1.82,1,7,74.58,14,1,-0.043,Medium,Yes,-6.66,Preclinical
104,289.83,2.9,2,1,116.93,8,1,0.261,Low,Yes,-6.12,Phase III
105,337.9,0.68,1,5,127.69,5,2,0.337,Medium,No,-9.39,Preclinical
106,380.3,3.4,4,2,125.63,6,0,0.168,High,Yes,-5.86,Phase II
107,491.46,2.0,3,6,65.52,11,2,0.242,Medium,Yes,-7.59,Preclinical
108,363.09,1.14,5,7,55.39,7,1,0.551,Low,Yes,-5.31,Phase II
109,369.32,1.96,1,7,104.9,12,4,0.665,Low,No,-5.59,Phase III
110,344.42,4.01,3,3,109.05,4,2,-0.016,Low,Yes,-9.05,Preclinical
111,206.09,1.86,3,7,102.01,13,5,0.367,Medium,No,-7.5,Preclinical
112,348.01,2.93,1,5,29.58,10,1,0.509,Medium,No,-10.3,Preclinical
113,354.52,1.62,4,8,63.99,3,1,0.233,Medium,Yes,-8.08,Phase I
114,534.74,3.41,0,8,89.11,14,4,0.559,Low,No,-6.97,Preclinical
115,335.57,3.32,3,7,104.62,11,4,0.471,High,Yes,-6.23,Phase II
116,372.62,4.72,3,6,113.02,14,4,0.388,Low,No,-7.4,Preclinical
117,347.4,2.29,4,2,94.33,7,0,0.284,Low,No,-6.84,Preclinical
118,262.35,3.3,4,6,99.92,11,5,0.568,Medium,Yes,-8.55,Phase I
119,435.71,2.62,2,11,92.55,9,1,0.309,Low,Yes,-7.53,Phase I
120,406.39,4.06,4,9,110.57,8,4,0.067,Medium,No,-8.39,Preclinical
121,409.33,1.64,3,2,99.39,0,0,0.506,Medium,Yes,-7.08,Phase II
122,281.8,3.39,1,1,91.97,2,3,0.19,Medium,Yes,-5.42,Phase III
123,455.21,2.27,0,11,81.95,11,5,0.088,Low,Yes,-7.59,Preclinical
124,244.86,2.42,2,5,92.44,3,3,0.532,Low,No,-9.56,Preclinical
125,394.01,2.61,1,11,104.54,12,3,0.459,Low,No,-7.21,Phase II
126,514.28,2.8,0,6,98.02,6,1,0.283,Low,Yes,-6.44,Preclinical
127,275.71,2.36,0,3,101.42,5,0,0.557,High,No,-8.88,Preclinical
128,307.53,2.76,0,8,130.28,9,0,0.606,Medium,Yes,-5.64,Phase I
129,357.47,4.39,5,7,97.95,9,3,0.56,Low,No,-8.39,Preclinical
130,312.24,3.68,1,2,70.53,10,5,0.551,High,Yes,-8.64,Preclinical
131,233.7,3.54,2,7,116.51,0,2,0.099,Medium,Yes,-10.17,Phase III
132,355.14,1.95,2,1,49.01,3,3,0.823,Low,Yes,-7.1,Preclinical
133,270.33,1.43,0,9,57.56,5,1,0.639,Low,Yes,-4.78,Phase III
134,385.52,3.65,1,7,100.08,2,3,0.262,Low,Yes,-6.95,Preclinical
135,281.04,3.55,5,6,105.49,14,5,0.497,High,No,-8.6,Phase II
136,466.25,4.27,0,2,52.65,1,5,0.545,Medium,Yes,-6.73,Phase I
137,291.26,1.78,4,3,78.52,1,3,0.49,High,No,-6.3,Preclinical
138,325.85,2.22,2,1,71.82,9,0,0.948,Low,Yes,-5.76,Phase II
139,411.01,0.53,3,10,75.4,11,3,0.014,High,No,-9.35,Phase III
140,257.69,2.03,0,5,118.31,11,4,0.131,Low,Yes,-5.17,Preclinical
141,367.06,3.7,4,9,111.2,3,4,-0.075,High,No,-7.18,Phase II
142,448.04,1.94,2,6,89.43,12,2,0.52,High,No,-4.87,Phase I
143,229.44,3.27,5,5,73.62,0,1,0.636,Low,No,-7.27,Phase II
144,363.85,2.27,1,3,49.51,14,1,0.59,Medium,No,-6.63,Phase II
145,369.49,2.89,2,5,132.61,9,0,0.428,Medium,Yes,-8.92,Preclinical
146,408.64,1.12,1,8,107.76,1,1,0.602,High,Yes,-6.02,Preclinical
147,257.23,2.6,1,2,68.8,12,2,0.426,Low,No,-9.12,Phase I
148,250.97,-1.09,5,5,111.59,9,4,0.685,Low,No,-7.1,Phase III
149,389.15,2.28,5,6,87.89,14,0,0.777,High,Yes,-8.15,Preclinical
150,372.27,0.54,0,10,81.39,1,5,0.267,Medium,Yes,-7.63,Phase I
151,368.79,3.95,0,8,103.06,3,4,0.428,Low,No,-5.87,Preclinical
152,375.98,3.43,2,8,67.76,3,2,0.469,Medium,Yes,-8.03,Phase II
153,299.0,3.06,5,5,79.69,0,0,0.856,Low,Yes,-5.84,Phase I
154,367.42,4.33,4,9,93.64,6,3,0.297,Medium,Yes,-8.11,Phase II
155,371.98,1.36,2,4,75.02,6,1,0.774,Low,Yes,-7.3,Phase III
156,296.42,4.6,3,9,110.07,9,2,0.133,Low,Yes,-4.28,Preclinical
157,489.93,3.62,1,11,146.07,10,0,0.811,Low,No,-7.32,Preclinical
158,385.54,2.22,1,7,67.37,9,4,0.713,Low,No,-7.61,Phase III
159,260.65,3.86,0,6,40.05,9,0,0.461,Medium,No,-7.29,Preclinical
160,399.24,1.17,4,4,29.95,0,3,0.729,Medium,No,-8.0,Phase II
161,276.9,1.51,5,2,85.49,10,2,0.375,Low,Yes,-9.0,Phase II
162,409.03,1.77,5,8,70.11,7,0,0.269,Low,No,-4.41,Phase II
163,436.89,1.87,0,6,96.24,9,5,0.927,Medium,No,-8.11,Preclinical
164,288.45,1.23,3,3,93.98,13,2,0.365,Low,No,-9.78,Preclinical
165,422.25,3.97,2,7,41.9,13,2,0.669,Medium,No,-7.73,Phase II
166,380.96,2.19,2,10,35.55,6,4,0.777,Medium,Yes,-6.96,Preclinical
167,411.65,2.92,4,7,98.88,6,1,0.702,High,Yes,-7.81,Phase II
168,492.26,1.82,0,6,94.06,10,5,0.65,Medium,Yes,-7.57,Phase I
169,331.6,0.32,0,2,77.23,5,3,0.67,Low,No,-7.75,Preclinical
170,293.47,2.82,3,8,40.29,11,0,0.764,Medium,Yes,-6.86,Preclinical
171,283.29,0.21,2,1,104.14,3,1,0.579,High,No,-6.27,Phase III
172,288.81,2.42,0,1,128.16,10,4,0.49,Low,Yes,-7.79,Phase I
173,344.22,0.86,5,6,98.34,7,1,0.158,High,No,-3.62,Phase I
174,375.59,4.88,4,5,64.58,1,2,0.58,Medium,Yes,-5.94,Phase III
175,370.75,3.59,2,9,91.34,6,2,0.757,Low,Yes,-7.51,Phase II
176,412.04,2.63,3,7,49.02,2,3,0.225,Low,Yes,-9.48,Phase III
177,350.98,4.02,4,2,121.74,13,5,0.443,Medium,Yes,-7.33,Preclinical
178,459.02,1.48,1,7,92.46,2,0,0.606,Low,Yes,-6.28,Phase II
179,330.15,3.15,5,3,36.96,13,0,0.878,Low,No,-6.27,Preclinical
180,554.01,2.74,3,1,80.98,6,4,0.21,Low,Yes,-10.28,Phase II
181,396.93,2.82,4,11,103.9,11,3,0.698,Low,No,-7.33,Phase III
182,285.71,4.03,0,8,80.01,2,0,0.411,Low,Yes,-8.22,Preclinical
183,269.68,3.38,1,3,81.72,14,5,0.332,Medium,No,-5.25,Phase I
184,386.19,2.85,3,11,53.27,14,2,0.27,Low,Yes,-7.31,Phase II
185,333.24,0.51,0,8,107.0,4,3,0.336,High,No,-10.93,Preclinical
186,403.55,1.35,5,7,70.55,7,1,0.625,Low,Yes,-6.95,Phase II
187,385.49,2.35,1,2,25.31,13,3,0.443,Low,No,-10.42,Preclinical
188,344.54,2.61,2,1,78.86,12,3,0.679,Low,No,-6.82,Phase III
189,286.49,1.14,0,7,119.43,3,5,0.22,Low,Yes,-3.62,Preclinical
190,236.39,5.39,4,1,78.39,6,5,0.674,Low,Yes,-5.46,Phase I
191,316.51,4.32,3,6,142.14,6,0,0.608,Medium,No,-7.11,Preclinical
192,414.23,3.22,1,11,102.87,1,4,0.123,Medium,Yes,-8.49,Preclinical
193,366.06,2.59,0,10,100.16,13,4,0.877,Low,Yes,-5.59,Phase I
194,256.57,2.25,2,11,86.15,7,5,0.585,Low,Yes,-6.55,Phase I
195,362.99,1.36,3,10,87.95,9,0,0.691,Low,Yes,-7.9,Preclinical
196,378.9,2.59,3,8,82.1,11,0,0.789,Medium,Yes,-8.31,Phase III
197,283.71,2.81,0,7,80.93,9,0,0.742,Medium,Yes,-8.86,Preclinical
198,361.53,1.01,2,4,105.93,14,5,0.468,Low,No,-6.94,Phase II
199,354.37,2.9,5,1,61.93,13,4,0.681,Low,Yes,-8.13,Phase I
200,264.28,2.31,5,1,57.72,8,0,0.047,High,Yes,-7.25,Phase I
201,376.83,0.21,1,4,56.3,5,5,0.598,Low,No,-6.11,Preclinical
202,392.06,1.47,0,5,151.37,13,1,0.933,Medium,Yes,-8.16,Phase I
203,431.23,2.0,1,7,105.91,4,1,0.326,Low,No,-6.53,Phase I
204,429.04,4.77,5,4,99.13,0,2,0.729,Medium,No,-5.67,Preclinical
205,246.67,3.17,3,10,58.27,0,1,0.943,High,Yes,-6.91,Preclinical
206,279.66,0.9,1,1,108.7,8,3,0.672,High,Yes,-6.45,Preclinical
207,388.63,3.08,2,11,86.5,13,2,0.756,Medium,No,-6.9,Preclinical
208,388.53,0.64,4,10,96.43,3,1,0.108,Low,No,-7.48,Preclinical
209,388.63,3.8,5,7,60.7,0,3,0.266,Low,Yes,-6.24,Preclinical
210,638.95,1.93,5,2,94.81,10,1,0.857,Low,Yes,-5.09,Phase II
211,392.82,2.39,2,11,77.28,9,5,0.74,High,Yes,-6.22,Preclinical
212,435.17,4.09,1,2,67.03,11,3,0.624,Medium,Yes,-7.79,Preclinical
213,421.55,0.96,0,8,112.02,2,0,0.434,Low,Yes,-7.75,Preclinical
214,398.85,0.82,3,10,43.87,5,5,0.571,Low,Yes,-7.7,Phase I
215,326.35,1.8,4,10,106.94,13,3,0.935,Medium,No,-6.08,Preclinical
216,406.92,3.75,0,10,110.53,10,5,0.475,High,Yes,-8.29,Phase II
217,292.04,0.68,0,5,63.61,12,0,0.675,Medium,No,-9.04,Phase II
218,332.24,-0.9,2,10,65.39,12,3,0.668,Low,Yes,-6.8,Phase I
219,313.6,1.96,1,2,83.31,10,3,0.334,Low,Yes,-7.47,Preclinical
220,356.14,3.16,5,5,98.46,7,5,0.353,Low,Yes,-5.28,Phase I
221,523.6,3.94,5,8,85.41,12,1,0.882,High,Yes,-10.88,Preclinical
222,209.96,1.94,2,6,103.01,9,3,0.643,High,Yes,-7.19,Phase III
223,401.47,2.01,1,3,142.89,1,1,0.33,High,No,-8.11,Phase II
224,229.05,3.88,2,8,74.77,7,3,0.422,Medium,Yes,-6.28,Phase I
225,314.61,0.26,5,9,38.54,13,4,0.254,Medium,No,-7.92,Phase III
226,431.67,2.03,0,5,114.78,12,2,0.767,Medium,Yes,-8.36,Phase I
227,354.82,2.73,3,2,140.5,0,1,0.437,Medium,Yes,-6.1,Preclinical
228,269.17,3.04,1,2,101.78,10,1,0.44,Medium,Yes,-5.58,Preclinical
229,296.35,1.89,4,7,57.37,1,0,0.71,Low,No,-7.65,Phase I
230,400.97,2.54,4,1,86.28,7,4,0.08,Medium,Yes,-7.62,Phase III
231,295.22,-0.49,0,10,56.44,6,0,0.491,Low,Yes,-5.59,Phase III
232,366.23,1.71,2,2,109.29,4,4,0.497,Low,No,-5.76,Phase I
233,353.42,3.04,2,10,49.46,14,4,0.429,Medium,No,-5.95,Preclinical
234,301.13,1.32,5,4,81.0,12,5,0.363,High,Yes,-8.1,Phase II
235,510.8,2.57,0,1,59.87,9,5,0.322,Medium,No,-8.49,Phase II
236,397.54,3.04,5,4,93.8,1,5,0.571,Low,Yes,-5.05,Phase I
237,198.11,2.09,5,11,79.01,8,3,0.247,High,No,-6.59,Phase I
238,363.98,2.7,4,10,95.3,4,0,0.54,Medium,Yes,-8.61,Phase II
239,300.37,1.34,5,5,90.67,7,2,0.362,Low,Yes,-7.66,Phase III
240,413.93,2.25,5,9,60.4,12,4,0.378,Medium,Yes,-7.37,Phase II
241,290.56,3.23,4,1,108.81,3,4,0.549,Low,Yes,-7.66,Preclinical
242,341.39,2.69,2,5,88.54,13,1,0.376,Low,Yes,-7.94,Preclinical
243,387.87,1.8,1,2,60.34,8,3,0.817,High,No,-5.65,Phase III
244,414.93,2.77,3,9,157.23,9,2,0.465,Low,No,-6.71,Phase II
245,259.98,3.36,5,6,104.29,6,5,0.762,Low,Yes,-4.12,Preclinical
246,324.91,0.04,1,2,85.4,1,4,0.31,Low,Yes,-5.57,Phase I
247,314.38,3.89,4,3,132.46,2,1,0.304,Low,Yes,-7.3,Phase III
248,301.0,2.1,1,8,145.25,13,0,0.084,Low,Yes,-5.37,Phase III
249,482.41,3.01,3,1,85.64,1,4,0.377,Low,No,-6.97,Phase II
250,380.37,3.94,1,3,100.42,4,1,0.442,Low,Yes,-3.87,Preclinical
251,255.43,0.85,1,10,60.36,1,0,0.519,Low,Yes,-7.97,Phase II
252,418.84,1.65,1,1,85.58,4,3,0.674,Low,Yes,-6.82,Preclinical
253,509.16,2.15,1,11,84.03,12,5,0.656,Low,Yes,-8.4,Phase III
254,427.43,1.56,0,11,95.54,8,0,0.784,Medium,Yes,-8.07,Preclinical
255,236.05,4.58,5,8,99.98,1,4,0.278,Medium,Yes,-8.01,Phase II
256,313.68,1.47,4,1,106.79,8,2,0.508,Low,Yes,-5.65,Phase I
257,445.02,1.83,3,5,97.13,6,0,0.25,Medium,Yes,-7.19,Phase II
258,296.92,2.75,4,4,53.68,6,2,0.604,High,Yes,-11.19,Phase I
259,383.29,1.06,0,7,61.85,13,2,0.951,High,Yes,-7.36,Preclinical
260,408.1,2.03,0,5,73.61,4,0,0.201,Low,Yes,-8.96,Phase II
261,280.48,2.88,0,8,81.53,7,3,0.672,Medium,No,-8.16,Preclinical
262,345.54,2.1,5,11,121.52,6,0,0.762,Low,Yes,-5.77,Preclinical
263,106.9,2.39,0,1,55.11,5,1,0.277,Low,No,-9.52,Phase III
264,273.17,1.86,1,5,79.28,1,5,0.609,Low,Yes,-9.34,Phase I
265,331.06,0.68,4,4,118.59,5,2,0.41,Low,Yes,-9.99,Phase II
266,256.42,2.89,2,3,81.0,13,5,0.47,Medium,Yes,-8.08,Phase I
267,472.43,4.61,3,5,103.81,1,4,0.402,Medium,Yes,-10.03,Phase II
268,242.74,2.52,0,10,85.81,0,2,0.444,Medium,No,-9.91,Phase II
269,317.0,2.77,4,3,97.7,8,4,0.789,Low,Yes,-7.84,Phase II
270,359.81,3.33,0,8,83.15,12,1,0.48,Low,Yes,-7.03,Phase III
271,458.1,0.98,5,3,110.01,4,1,0.35,Low,No,-8.87,Phase I
272,242.31,4.54,0,1,43.65,9,5,0.517,Low,Yes,-6.96,Phase II
273,437.24,2.74,0,9,79.1,9,1,-0.031,High,Yes,-7.33,Phase II
274,350.77,4.46,0,9,98.9,3,0,0.296,Medium,Yes,-6.69,Preclinical
275,276.39,1.62,0,6,106.01,11,2,0.812,High,Yes,-9.06,Phase I
276,384.66,4.68,3,10,134.79,10,4,0.464,Medium,Yes,-4.52,Phase III
277,364.93,3.43,4,1,78.27,7,5,0.38,Low,Yes,-9.21,Preclinical
278,304.98,3.16,5,8,134.38,14,5,0.543,Low,No,-8.44,Preclinical
279,355.24,2.78,0,2,70.23,4,1,0.684,Low,No,-6.73,Phase I
280,321.1,2.2,0,9,129.86,13,1,0.832,Low,Yes,-7.32,Preclinical
281,358.51,3.94,0,8,114.52,6,4,0.387,Medium,Yes,-6.23,Phase III
282,399.66,2.67,0,3,62.6,2,2,0.393,Low,Yes,-7.96,Preclinical
283,468.95,0.14,1,5,99.21,14,2,0.444,Low,Yes,-9.34,Preclinical
284,257.16,1.16,1,9,88.46,7,5,0.757,Medium,Yes,-9.79,Phase II
285,509.98,2.28,2,1,108.77,7,4,0.514,High,No,-4.83,Preclinical
286,203.59,2.87,0,9,83.3,2,5,1.041,Low,No,-7.95,Phase II
287,338.62,2.43,2,4,80.78,8,3,0.46,Medium,Yes,-7.75,Phase II
288,394.12,3.96,3,4,131.07,13,2,0.941,Low,Yes,-4.8,Phase II
289,371.07,0.16,2,4,87.04,7,4,0.277,Medium,Yes,-8.24,Phase II
290,303.3,2.67,4,10,114.79,0,4,0.153,Low,Yes,-7.46,Preclinical
291,334.39,0.32,1,9,83.24,7,5,0.475,Low,Yes,-9.05,Preclinical
292,313.02,3.41,1,6,140.0,11,1,0.785,Medium,Yes,-9.47,Preclinical
293,305.8,2.39,0,11,69.65,10,4,0.381,Low,Yes,-4.67,Preclinical
294,413.72,3.0,0,8,71.58,14,5,0.346,Medium,Yes,-4.64,Phase I
295,376.78,1.46,3,4,135.74,3,0,0.756,High,Yes,-5.97,Preclinical
296,298.03,4.04,5,3,76.65,5,1,0.676,Low,No,-6.02,Phase I
297,417.47,3.75,3,1,138.03,13,1,0.302,Medium,Yes,-6.37,Preclinical
298,373.05,3.2,4,10,116.76,12,2,0.287,Medium,Yes,-8.61,Phase I
299,410.96,2.34,0,7,85.36,9,3,0.707,Low,Yes,-7.06,Preclinical
300,397.22,3.2,0,4,35.6,8,2,0.092,Medium,Yes,-8.26,Preclinical
301,287.83,1.65,3,8,89.42,4,0,0.77,Medium,No,-11.38,Phase I
302,307.99,3.53,3,3,93.05,6,5,0.673,Medium,Yes,-5.82,Phase II
303,406.05,4.48,3,1,125.02,12,1,-0.07,High,No,-6.67,Phase II
304,395.78,3.78,1,5,137.65,14,1,0.504,Medium,Yes,-9.48,Phase III
305,348.43,1.62,2,2,69.45,0,4,0.005,High,Yes,-8.04,Phase II
306,358.8,2.93,2,3,114.04,8,3,0.199,Medium,Yes,-5.92,Phase II
307,445.82,0.95,0,6,112.96,13,3,0.374,Low,No,-7.3,Preclinical
308,305.63,3.19,1,3,122.2,5,4,0.183,Low,Yes,-10.05,Preclinical
309,391.03,3.04,3,3,104.96,10,0,1.055,Low,No,-9.32,Phase II
310,334.84,0.26,0,6,31.73,3,3,0.716,Medium,Yes,-4.71,Preclinical
311,333.67,1.11,1,5,85.34,5,1,0.842,Medium,Yes,-7.4,Preclinical
312,432.41,2.16,4,10,55.33,4,0,0.465,Low,Yes,-5.91,Preclinical
313,411.91,2.14,5,9,83.92,2,2,0.508,Low,Yes,-4.74,Preclinical
314,411.01,1.05,1,1,119.4,6,2,0.895,Low,Yes,-8.19,Phase II
315,447.91,2.97,0,3,99.15,2,0,0.608,Low,Yes,-6.97,Preclinical
316,351.58,2.8,2,3,124.44,12,1,0.653,Medium,Yes,-10.45,Phase I
317,401.15,2.27,3,11,100.25,13,2,0.272,Medium,No,-8.41,Preclinical
318,326.73,1.59,5,6,51.05,14,5,0.271,High,No,-6.64,Phase II
319,374.31,3.76,4,8,14.37,12,1,0.565,Low,No,-7.79,Phase II
320,340.24,4.49,5,3,94.46,1,4,0.593,Medium,Yes,-6.82,Preclinical
321,357.27,1.92,5,3,83.58,13,3,0.251,Medium,No,-6.11,Phase II
322,394.64,1.77,1,6,60.69,3,0,0.59,High,No,-6.66,Preclinical
323,288.63,3.09,0,8,38.98,6,3,0.195,Medium,Yes,-7.0,Phase II
324,506.93,2.07,0,6,67.96,4,4,0.503,Low,Yes,-7.21,Phase II
325,274.55,2.33,5,10,84.17,13,2,0.141,Low,Yes,-8.35,Phase III
326,258.94,3.39,3,3,109.98,8,5,0.832,Medium,Yes,-8.89,Preclinical
327,436.86,0.21,0,4,95.66,9,1,0.422,Medium,No,-5.47,Preclinical
328,409.37,4.08,5,1,138.24,14,1,0.327,High,No,-6.31,Preclinical
329,396.81,2.59,0,8,58.93,6,4,0.214,Low,No,-8.68,Preclinical
330,397.13,2.01,3,4,116.43,11,0,0.19,High,Yes,-7.4,Preclinical
331,349.08,2.39,4,6,91.42,13,3,0.609,Low,Yes,-9.59,Preclinical
332,282.71,2.45,5,11,110.84,8,5,0.751,High,Yes,-8.22,Phase I
333,355.69,0.42,2,3,76.9,13,2,0.726,High,Yes,-6.7,Phase III
334,299.21,4.29,2,11,122.15,8,0,0.849,Medium,No,-7.11,Preclinical
335,423.13,2.55,5,11,98.86,11,5,0.937,Medium,Yes,-7.33,Phase III
336,338.97,3.03,1,6,69.62,1,5,0.739,Low,No,-8.83,Phase II
337,288.09,3.64,4,11,89.64,14,4,0.374,Low,Yes,-9.13,Phase III
338,325.9,1.27,1,9,82.81,0,4,0.542,Low,No,-6.08,Phase III
339,380.97,3.07,2,9,104.68,10,1,-0.064,Low,Yes,-4.96,Phase II
340,307.72,2.18,3,10,54.61,3,2,0.659,Medium,No,-6.68,Phase II
341,288.33,3.52,5,3,89.12,3,0,0.537,Low,No,-7.76,Phase I
342,368.28,-0.05,0,3,101.86,12,1,0.899,High,No,-5.66,Phase I
343,368.37,2.38,2,4,90.99,1,2,0.314,Low,No,-8.76,Phase III
344,311.98,1.78,4,7,130.41,2,3,0.629,Medium,No,-5.92,Preclinical
345,314.67,3.02,2,3,113.22,2,3,0.249,Medium,Yes,-8.39,Preclinical
346,367.4,3.06,4,10,89.78,4,1,0.472,Low,No,-8.32,Phase II
347,241.39,1.65,4,8,96.5,0,0,0.091,Low,No,-8.0,Phase I
348,244.44,1.65,5,11,98.87,8,2,0.839,Low,Yes,-7.65,Phase II
349,296.12,2.37,4,8,102.1,7,3,0.763,Medium,No,-6.13,Preclinical
350,333.99,1.42,1,6,35.23,7,3,0.382,Medium,Yes,-9.46,Phase I
351,373.32,3.51,3,4,80.95,2,0,0.565,Low,Yes,-8.41,Preclinical
352,460.65,2.06,2,11,45.47,1,1,0.51,Medium,Yes,-7.19,Phase III
353,414.32,-0.99,3,11,128.35,0,4,0.347,Low,Yes,-6.66,Preclinical
354,338.0,2.05,0,5,88.17,11,5,0.531,Medium,Yes,-10.06,Phase II
355,348.57,1.25,2,2,84.2,5,2,0.389,Low,Yes,-8.69,Preclinical
356,274.81,0.54,3,6,116.9,12,3,0.745,Medium,Yes,-10.12,Preclinical
357,348.61,1.02,3,3,102.67,9,5,0.447,High,No,-8.55,Preclinical
358,328.35,2.63,5,6,56.14,0,5,1.098,Medium,Yes,-8.16,Preclinical
359,374.2,4.09,5,5,87.87,13,4,0.481,Low,Yes,-6.75,Phase I
360,287.96,2.88,0,2,79.94,10,5,0.528,Low,Yes,-10.94,Preclinical
361,388.95,1.77,4,5,37.66,4,0,0.632,Medium,Yes,-6.52,Phase I
362,464.96,3.05,2,5,69.29,8,1,0.709,Low,Yes,-8.26,Preclinical
363,341.84,1.95,5,9,84.49,10,2,0.519,Low,Yes,-8.01,Phase III
364,380.13,1.67,2,11,86.55,8,0,0.627,Medium,No,-6.04,Preclinical
365,401.76,1.11,0,8,45.53,12,1,0.546,Low,Yes,-5.48,Preclinical
366,319.91,0.4,5,7,124.55,11,0,0.305,Low,No,-8.48,Phase I
367,366.81,2.03,5,3,86.94,14,3,0.238,High,No,-8.49,Phase III
368,350.94,2.69,4,10,91.13,3,3,0.675,Low,No,-8.03,Phase III
369,357.33,2.38,2,4,102.02,6,4,0.879,Low,Yes,-8.5,Phase III
370,292.02,2.0,2,6,66.36,13,0,0.092,Medium,Yes,-9.65,Preclinical
371,351.84,1.37,2,3,103.69,10,5,0.141,High,Yes,-7.55,Phase II
372,387.35,3.23,4,11,78.99,6,3,0.139,Low,Yes,-8.49,Phase II
373,458.84,0.92,5,9,63.1,3,1,0.694,Medium,Yes,-7.35,Phase III
374,421.95,3.43,0,8,107.2,4,4,0.715,Medium,No,-4.94,Preclinical
375,511.49,1.3,2,6,134.75,10,5,0.256,Low,Yes,-7.66,Phase III
376,292.45,1.6,3,4,111.74,8,2,1.051,Low,Yes,-8.63,Phase I
377,415.42,0.74,4,7,117.69,6,0,0.404,Low,Yes,-7.91,Phase I
378,363.75,1.9,1,11,74.38,6,3,0.859,Medium,No,-7.31,Phase I
379,514.24,3.67,0,3,42.07,9,5,0.702,Medium,No,-7.75,Phase I
380,289.38,3.12,3,10,134.7,6,1,0.26,Low,Yes,-8.34,Phase I
381,287.02,3.67,2,8,151.64,14,0,0.395,Medium,Yes,-9.99,Preclinical
382,305.05,3.13,1,1,136.28,8,1,0.282,Medium,Yes,-6.55,Phase II
383,190.71,1.18,0,3,79.93,4,4,0.164,Low,No,-8.84,Phase I
384,310.57,2.1,4,11,55.36,5,3,0.437,Medium,No,-5.31,Phase II
385,293.07,1.56,1,5,58.03,2,3,0.2,Low,Yes,-8.05,Preclinical
386,361.28,4.1,5,5,39.49,0,4,0.456,High,Yes,-8.27,Phase III
387,375.63,1.06,1,10,86.78,10,1,0.983,Medium,No,-8.21,Phase II
388,490.71,3.57,3,2,138.17,11,0,0.674,Medium,Yes,-7.27,Preclinical
389,421.28,3.57,0,10,85.75,1,1,0.361,Medium,No,-8.8,Phase II
390,306.73,4.7,3,8,99.07,7,0,0.34,Medium,Yes,-8.51,Preclinical
391,282.62,2.01,3,5,131.27,12,5,0.4,High,Yes,-6.57,Preclinical
392,386.89,3.35,2,7,77.88,0,4,1.018,Medium,Yes,-9.03,Phase I
393,250.98,5.24,4,7,151.07,9,2,0.228,High,Yes,-6.68,Phase I
394,487.36,1.76,1,5,149.76,6,0,0.5,Medium,No,-6.26,Preclinical
395,438.46,0.66,0,8,86.07,4,3,0.616,Low,No,-6.5,Preclinical
396,314.81,0.24,5,9,72.67,12,5,0.804,High,Yes,-7.15,Phase III
397,221.51,3.36,4,4,110.92,5,3,0.417,Medium,Yes,-10.21,Preclinical
398,451.54,0.24,4,4,79.57,7,5,0.259,Medium,Yes,-9.32,Preclinical
399,341.41,2.05,0,8,55.3,3,3,0.572,High,No,-9.53,Phase III
400,442.84,3.02,4,1,128.44,5,1,0.829,Low,Yes,-8.07,Preclinical
401,230.42,2.72,2,4,126.49,13,1,0.432,Low,Yes,-7.45,Phase II
402,305.05,3.01,4,6,94.67,10,1,0.29,Low,Yes,-9.29,Preclinical
403,350.39,2.77,2,4,52.11,2,5,0.528,Medium,Yes,-7.76,Phase I
404,353.52,4.03,1,6,53.11,6,5,0.094,Medium,No,-6.47,Preclinical
405,316.25,1.36,1,5,93.22,1,3,0.445,High,No,-9.0,Phase III
406,396.71,1.69,3,9,75.0,11,0,0.795,Low,Yes,-8.73,Phase I
407,269.93,1.57,2,10,79.77,7,5,0.719,Medium,No,-5.73,Phase I
408,339.32,3.5,5,9,120.66,12,3,0.464,High,Yes,-8.89,Phase III
409,359.02,3.58,1,4,112.0,6,0,0.915,Medium,No,-6.99,Phase III
410,388.58,3.04,4,4,131.34,11,1,0.977,Low,Yes,-5.64,Preclinical
411,403.37,3.92,0,8,60.28,11,5,0.666,Medium,Yes,-9.27,Phase II
412,265.65,1.09,0,10,79.7,7,2,0.133,High,Yes,-9.16,Preclinical
413,234.94,4.5,2,4,112.77,1,1,0.03,High,Yes,-7.85,Phase I
414,445.83,4.33,5,2,103.44,2,4,0.846,Medium,Yes,-7.4,Preclinical
415,374.92,3.38,3,2,135.97,11,0,0.561,High,No,-8.46,Phase I
416,293.86,4.64,4,1,102.62,3,2,0.909,Low,No,-4.54,Preclinical
417,466.34,0.51,2,5,145.44,11,1,0.165,Low,Yes,-6.69,Phase I
418,358.68,1.87,0,6,106.2,8,5,0.46,High,No,-8.71,Phase I
419,438.45,1.62,2,9,121.87,11,2,0.757,Low,Yes,-9.55,Preclinical
420,355.06,3.37,4,5,80.29,11,3,0.318,Low,Yes,-7.59,Phase I
421,504.56,1.24,5,6,90.43,4,0,0.754,Low,Yes,-6.84,Phase III
422,481.65,3.41,5,6,117.33,5,4,0.469,Medium,No,-4.74,Phase II
423,331.33,4.14,1,3,138.39,0,3,0.507,Medium,Yes,-7.39,Phase I
424,422.87,3.33,4,4,111.88,3,2,0.204,Low,Yes,-7.86,Phase III
425,398.4,2.84,1,1,87.5,13,1,0.563,High,Yes,-8.96,Phase I
426,452.65,1.31,1,4,131.32,3,0,1.048,High,Yes,-6.94,Preclinical
427,277.63,1.48,1,1,24.24,9,5,0.597,Low,No,-5.97,Phase I
428,401.45,4.0,2,5,47.33,7,4,0.302,Low,Yes,-10.18,Preclinical
429,429.38,3.44,0,11,110.45,7,1,0.849,Medium,Yes,-7.39,Phase II
430,218.09,2.45,5,11,90.42,9,4,0.31,Medium,Yes,-9.03,Phase III
431,261.26,2.0,2,8,108.17,5,5,0.93,Low,Yes,-9.54,Preclinical
432,197.06,0.07,0,8,91.93,7,0,0.181,Low,No,-4.96,Phase I
433,329.79,1.21,5,5,107.13,8,2,0.568,Low,Yes,-6.17,Phase I
434,403.82,4.79,4,10,65.57,4,4,0.882,Low,No,-8.41,Preclinical
435,462.68,0.96,5,2,107.11,0,0,0.283,Low,Yes,-7.74,Phase II
436,355.56,2.73,5,6,119.83,0,4,0.521,Medium,No,-7.98,Phase I
437,472.15,3.71,5,1,126.62,1,1,0.789,Medium,No,-9.19,Preclinical
438,246.49,0.99,3,7,150.41,1,4,-0.064,Medium,No,-8.31,Phase II
439,222.25,2.72,4,11,97.32,4,1,0.732,Low,No,-6.32,Preclinical
440,345.83,3.63,2,4,98.22,6,1,0.478,Medium,Yes,-8.35,Phase III
441,378.8,2.51,2,5,44.3,6,0,0.86,Low,No,-6.8,Preclinical
442,347.55,5.94,0,6,74.06,14,3,0.293,Low,No,-8.34,Phase I
443,194.94,0.5,2,11,84.21,3,5,0.153,Medium,No,-9.28,Preclinical
444,343.32,3.77,1,1,121.51,12,4,0.364,Medium,Yes,-5.71,Preclinical
445,252.16,2.29,5,9,71.67,3,2,0.359,Low,No,-10.7,Phase II
446,400.23,3.43,2,10,113.89,13,1,0.448,Medium,Yes,-4.82,Phase I
447,377.49,3.03,0,4,89.95,13,3,0.383,High,Yes,-6.0,Phase III
448,279.51,1.62,0,8,84.68,10,1,-0.002,Medium,Yes,-7.23,Phase I
449,311.46,2.77,1,5,97.47,14,3,0.476,Medium,No,-8.17,Phase III
450,270.56,0.27,0,11,78.27,9,3,0.558,High,Yes,-8.05,Phase III
451,345.3,3.22,3,8,77.13,2,2,0.452,Medium,Yes,-7.2,Phase I
452,421.64,2.86,5,1,38.86,10,3,0.572,Medium,Yes,-7.22,Phase I
453,276.07,3.27,5,8,82.56,1,2,0.521,Low,Yes,-8.94,Phase II
454,387.8,3.77,5,11,75.6,2,0,0.155,Low,No,-7.4,Preclinical
455,310.23,2.94,4,11,74.52,7,1,0.425,Medium,No,-7.11,Phase III
456,290.53,2.68,2,4,102.51,14,2,0.528,Medium,Yes,-7.95,Phase I
457,341.97,1.44,3,2,109.76,0,5,0.441,Low,Yes,-4.14,Phase II
458,272.36,1.65,2,11,96.97,3,1,0.127,High,Yes,-7.7,Preclinical
459,308.48,3.92,3,6,119.86,6,5,0.806,Low,Yes,-10.15,Phase II
460,260.16,4.22,2,2,107.27,4,4,0.257,Medium,Yes,-9.02,Preclinical
461,497.35,2.21,1,5,81.15,1,5,0.189,Low,Yes,-6.44,Phase II
462,352.64,2.56,0,2,76.11,0,0,0.51,Low,Yes,-8.58,Phase I
463,297.52,1.41,0,3,99.38,5,4,0.421,Medium,Yes,-8.99,Preclinical
464,366.05,3.91,1,11,107.21,12,4,0.65,Low,No,-5.41,Phase III
465,341.58,3.3,3,6,131.94,12,3,0.718,Low,Yes,-7.25,Phase II
466,333.43,4.83,4,1,125.74,4,5,0.68,Medium,Yes,-8.4,Phase III
467,396.06,1.45,3,6,73.76,2,3,0.5,Medium,Yes,-11.65,Preclinical
468,406.81,2.05,0,3,86.94,10,5,0.638,Medium,No,-6.57,Phase I
469,310.21,2.78,4,7,110.13,10,4,0.11,High,Yes,-7.48,Phase I
470,306.81,3.28,2,2,122.04,14,3,0.774,Low,Yes,-5.55,Phase II
471,329.37,2.24,4,6,118.17,10,1,0.399,Medium,Yes,-9.14,Preclinical
472,177.36,1.45,3,8,88.08,8,5,0.992,Medium,No,-8.06,Preclinical
473,236.36,3.56,1,1,52.38,2,5,0.781,High,No,-7.05,Phase III
474,452.52,3.37,2,11,60.03,1,3,0.451,High,No,-5.62,Phase I
475,473.37,1.4,3,11,98.18,4,5,0.505,Medium,Yes,-7.11,Phase III
476,331.32,4.13,2,9,100.27,8,4,0.796,Medium,No,-8.56,Preclinical
477,393.24,3.9,4,5,57.04,7,3,-0.065,Low,No,-5.55,Phase III
478,373.34,2.66,0,5,91.34,5,3,0.46,Low,Yes,-7.97,Phase II
479,580.92,2.6,3,5,108.94,2,2,0.925,Medium,No,-7.23,Phase II
480,433.97,3.16,1,6,55.46,5,2,0.711,Medium,Yes,-6.37,Preclinical
481,340.41,1.47,4,2,123.15,4,4,0.291,Medium,Yes,-5.16,Phase III
482,278.33,2.54,3,6,78.67,0,1,0.579,Medium,No,-6.95,Phase I
483,229.52,-0.08,1,11,127.73,4,5,0.256,Low,Yes,-3.62,Phase II
484,365.26,3.55,3,4,74.0,13,0,0.415,Medium,Yes,-7.63,Preclinical
485,293.27,0.63,4,8,59.2,6,5,0.583,Low,Yes,-7.06,Phase I
486,243.33,4.3,3,11,76.26,8,0,0.627,Low,No,-8.43,Phase III
487,301.51,2.1,2,9,87.15,11,4,0.682,Low,Yes,-7.02,Preclinical
488,268.88,2.25,4,9,78.35,14,1,0.808,High,Yes,-7.05,Phase II
489,476.54,1.75,3,8,83.52,0,1,0.202,Low,Yes,-5.93,Preclinical
490,416.12,2.15,0,3,100.02,2,1,0.506,Medium,No,-6.83,Phase III
491,349.4,4.2,3,10,84.86,7,2,0.287,Low,No,-8.29,Phase III
492,461.0,-0.49,2,11,88.02,5,4,0.4,Low,Yes,-7.12,Preclinical
493,355.8,4.03,1,11,38.72,12,0,0.311,High,Yes,-8.51,Preclinical
494,285.4,2.91,1,4,101.75,4,1,0.625,Medium,Yes,-6.68,Phase II
495,464.23,1.05,1,1,87.32,12,4,0.763,Low,Yes,-8.34,Preclinical
496,390.42,1.21,0,9,138.31,9,5,0.777,Low,No,-9.6,Phase I
497,272.21,4.51,2,5,61.81,1,0,0.224,High,Yes,-9.2,Preclinical
498,335.72,1.37,4,6,35.75,2,2,0.469,Low,Yes,-9.26,Phase I
499,284.33,1.12,1,3,108.54,11,3,0.217,Medium,Yes,-8.29,Preclinical
500,246.29,3.86,2,11,100.4,1,0,0.208,Low,Yes,-8.77,Preclinical
501,419.46,2.91,3,10,59.75,0,5,0.335,Low,Yes,-7.53,Preclinical
502,493.21,1.37,0,8,44.11,6,0,0.586,Low,Yes,-8.09,Phase I
503,245.11,2.76,2,7,136.12,13,0,0.63,Medium,No,-6.73,Phase I
504,392.22,1.27,2,1,132.42,2,3,0.664,Medium,Yes,-6.93,Preclinical
505,301.2,3.82,4,10,15.38,6,1,0.648,Low,Yes,-7.99,Phase I
506,313.47,3.77,2,5,76.25,11,5,0.288,Medium,Yes,-5.64,Phase III
507,305.57,3.14,4,10,139.93,6,3,0.796,High,No,-8.89,Preclinical
508,285.2,2.93,0,9,75.72,7,0,0.701,High,Yes,-5.99,Phase II
509,353.64,4.61,0,11,75.28,0,5,0.397,Low,No,-7.27,Phase II
510,287.68,2.5,3,6,81.52,4,2,0.406,Low,No,-8.09,Preclinical
511,370.28,1.08,4,8,56.37,9,0,0.336,High,No,-5.81,Preclinical
512,346.23,3.04,4,10,38.86,8,2,0.177,Low,Yes,-6.66,Phase I
513,332.08,5.0,1,1,121.58,11,4,0.667,Low,Yes,-9.11,Phase II
514,281.93,1.28,1,10,34.71,10,2,0.706,High,Yes,-6.95,Preclinical
515,306.74,2.07,3,11,97.42,6,0,0.268,Low,Yes,-6.96,Phase III
516,406.65,3.0,0,7,116.6,0,3,0.192,Low,No,-5.99,Phase II
517,387.57,2.44,5,3,46.46,7,0,0.266,Low,Yes,-6.62,Preclinical
518,276.68,1.32,1,9,62.27,2,0,0.528,Medium,Yes,-6.51,Preclinical
519,357.45,3.85,2,6,126.4,12,4,0.155,Low,Yes,-8.16,Preclinical
520,406.35,5.28,0,5,105.99,3,1,0.782,High,No,-7.81,Phase I
521,224.79,2.74,5,8,71.48,3,0,0.767,Medium,Yes,-7.88,Phase I
522,390.75,1.42,2,8,126.07,14,4,0.606,Medium,Yes,-9.9,Phase II
523,300.3,0.64,4,3,126.2,9,3,0.702,Low,Yes,-5.57,Phase II
524,392.79,2.81,0,2,98.07,13,4,0.515,Low,No,-9.18,Preclinical
525,292.76,3.82,3,2,63.0,11,4,0.616,Medium,Yes,-7.1,Phase I
526,214.63,3.07,4,5,77.6,7,2,0.175,Low,Yes,-8.0,Preclinical
527,227.93,2.5,4,10,98.59,0,1,0.848,High,Yes,-7.86,Preclinical
528,353.61,1.79,2,7,84.34,7,1,0.378,Low,No,-6.48,Phase II
529,369.48,1.19,4,8,118.17,8,5,0.468,Medium,Yes,-8.67,Preclinical
530,282.18,3.5,1,10,44.11,8,3,1.122,Low,No,-6.82,Phase II
531,397.89,3.6,0,8,45.17,4,5,0.445,Medium,No,-6.8,Phase III
532,225.39,0.65,1,8,95.43,3,4,0.685,Low,Yes,-8.66,Phase I
533,345.04,4.41,2,10,75.25,3,3,0.629,Low,Yes,-6.13,Preclinical
534,259.17,3.19,5,11,71.19,8,3,0.167,High,Yes,-5.45,Preclinical
535,301.11,4.18,2,3,36.96,14,1,0.25,Medium,Yes,-4.46,Preclinical
536,353.55,0.89,0,11,90.59,7,1,1.009,Medium,Yes,-7.89,Phase I
537,285.47,0.86,4,2,88.42,9,1,0.645,Medium,Yes,-7.21,Phase II
538,321.16,2.32,3,4,109.6,14,0,0.496,Medium,Yes,-7.12,Phase I
539,425.47,3.1,2,1,92.07,9,4,0.366,Low,Yes,-6.5,Phase II
540,306.73,4.66,0,3,86.02,11,3,0.58,Low,No,-4.88,Phase II
541,412.68,3.35,3,11,125.31,6,4,0.604,Medium,No,-6.77,Phase III
542,265.27,2.21,4,9,50.63,11,3,0.557,Low,Yes,-6.73,Preclinical
543,389.74,1.27,5,7,106.09,2,3,0.767,Medium,Yes,-9.14,Phase III
544,458.12,3.98,2,7,39.87,3,5,0.283,Low,No,-4.43,Phase II
545,164.63,1.34,5,1,64.85,14,3,0.25,Low,No,-8.21,Preclinical
546,290.23,4.45,0,7,53.62,8,3,0.761,Low,No,-11.49,Phase III
547,393.28,2.16,5,10,113.46,13,2,1.028,Medium,Yes,-10.91,Phase III
548,334.77,4.41,5,7,88.04,12,2,0.711,Medium,Yes,-7.01,Phase I
549,377.84,3.31,0,4,89.59,7,5,0.824,Low,Yes,-9.41,Phase II
550,304.7,2.34,0,7,56.8,11,0,0.481,Low,Yes,-7.42,Preclinical
551,356.49,1.88,2,8,81.01,11,1,0.567,High,Yes,-9.74,Phase I
552,338.32,2.09,5,3,67.1,0,3,0.563,Low,Yes,-7.04,Preclinical
553,437.58,3.01,3,10,101.5,2,4,0.486,Medium,Yes,-6.65,Phase I
554,369.08,2.59,0,2,60.27,13,2,0.853,High,No,-7.24,Phase I
555,375.32,1.79,4,7,129.89,11,1,0.779,High,Yes,-8.54,Preclinical
556,319.11,2.3,5,5,39.73,9,0,0.4,High,Yes,-6.18,Phase II
557,313.43,2.59,0,5,65.8,1,1,0.089,Low,No,-8.1,Preclinical
558,317.56,-0.05,3,5,140.32,1,3,0.484,High,No,-7.78,Preclinical
559,379.58,3.05,2,7,76.95,12,1,0.211,Medium,Yes,-8.26,Preclinical
560,318.43,1.32,5,9,50.55,12,3,0.506,Medium,No,-7.9,Phase I
561,371.73,1.12,0,11,96.57,7,5,0.231,Low,Yes,-4.69,Preclinical
562,505.66,0.48,0,8,75.74,5,2,0.814,High,Yes,-7.51,Preclinical
563,415.33,0.35,4,6,64.92,11,2,0.671,Medium,No,-9.4,Preclinical
564,325.55,0.87,4,7,57.12,11,3,0.665,Medium,Yes,-8.94,Preclinical
565,440.09,1.65,5,9,173.05,11,4,0.768,Low,Yes,-7.91,Phase I
566,319.39,4.84,0,11,82.45,12,2,0.598,Low,Yes,-8.69,Phase III
567,197.14,1.87,5,6,32.23,5,4,0.637,High,Yes,-6.08,Preclinical
568,274.39,2.71,0,1,134.81,3,3,0.859,Medium,Yes,-9.63,Phase II
569,209.69,2.98,4,4,108.33,0,5,0.466,Low,Yes,-7.68,Preclinical
570,323.64,2.66,3,8,67.01,10,3,0.651,Medium,Yes,-5.98,Preclinical
571,351.38,2.41,1,7,62.01,6,5,0.237,Low,No,-8.45,Preclinical
572,475.73,1.07,1,3,110.2,7,2,0.52,Low,Yes,-6.84,Phase III
573,374.52,4.24,0,10,82.59,1,4,1.065,Low,Yes,-7.56,Phase I
574,333.57,4.67,4,3,32.22,1,3,0.704,Low,Yes,-7.55,Phase II
575,412.21,0.48,2,11,143.62,0,2,0.479,Low,No,-6.73,Phase I
576,184.16,1.27,2,3,76.98,3,5,0.566,Low,No,-10.29,Preclinical
577,367.67,2.16,1,1,134.87,5,3,0.495,Low,No,-5.69,Phase III
578,407.81,1.34,3,10,128.35,13,5,0.558,Medium,Yes,-10.35,Preclinical
579,239.11,3.11,1,1,59.97,4,1,0.4,High,Yes,-5.8,Preclinical
580,435.78,1.63,0,6,121.0,3,5,0.624,Medium,Yes,-6.85,Preclinical
581,375.39,5.1,3,1,70.46,13,1,0.633,Low,Yes,-6.79,Preclinical
582,318.85,3.93,2,5,34.0,3,2,0.502,Low,Yes,-5.08,Preclinical
583,397.46,2.76,4,4,77.26,9,3,0.535,Medium,No,-5.72,Phase I
584,520.3,3.73,4,5,101.93,14,2,0.585,High,Yes,-6.28,Preclinical
585,363.64,3.83,0,7,76.12,6,0,0.368,Low,No,-7.94,Phase I
586,368.62,1.82,1,6,80.79,6,5,0.621,Low,Yes,-8.04,Preclinical
587,315.55,1.52,0,9,124.31,1,2,0.695,Medium,No,-6.24,Phase III
588,286.26,2.59,4,6,93.19,12,2,0.866,Medium,Yes,-6.82,Preclinical
589,412.28,3.53,2,9,64.7,6,1,0.58,Low,No,-7.05,Phase II
590,285.79,2.67,4,4,111.06,1,5,0.361,Medium,Yes,-7.59,Phase II
591,355.37,0.61,3,1,95.93,3,1,0.474,Medium,No,-8.11,Preclinical
592,314.18,1.54,5,1,14.35,14,3,0.214,High,Yes,-9.58,Preclinical
593,385.92,2.41,4,10,102.85,0,2,0.682,Low,Yes,-6.53,Preclinical
594,375.02,2.41,4,7,101.75,4,5,-0.015,High,Yes,-7.77,Preclinical
595,427.82,4.87,5,3,90.6,0,2,0.756,Low,Yes,-7.87,Preclinical
596,311.75,0.84,3,2,116.75,3,3,0.786,Medium,No,-10.22,Phase II
597,329.76,3.11,1,6,69.83,12,4,-0.233,Medium,No,-7.36,Phase I
598,276.59,4.29,4,6,100.09,8,3,0.819,Low,Yes,-9.55,Phase I
599,316.68,5.23,0,7,42.99,12,1,0.757,Medium,No,-8.15,Preclinical
600,378.3,2.01,4,5,102.21,11,1,0.427,Low,Yes,-6.31,Phase III
601,406.77,3.09,0,8,148.59,7,2,0.202,Low,Yes,-7.41,Preclinical
602,280.84,3.18,3,7,60.15,5,1,0.291,Low,Yes,-7.66,Preclinical
603,415.22,2.73,4,2,67.21,14,5,0.31,Medium,No,-8.59,Preclinical
604,451.67,2.38,3,1,68.7,7,3,0.829,Low,Yes,-8.32,Preclinical
605,381.01,3.02,3,9,93.9,4,2,0.388,High,No,-5.12,Phase II
606,490.76,-0.54,1,5,58.11,6,3,0.726,Low,Yes,-6.33,Phase II
607,291.97,3.32,4,11,102.64,7,3,0.469,Low,Yes,-8.19,Phase II
608,256.65,2.65,0,5,115.41,6,2,0.514,Low,Yes,-7.66,Phase I
609,216.6,2.23,0,10,106.03,13,4,0.107,Medium,Yes,-7.13,Phase III
610,462.2,4.96,4,4,36.95,3,1,0.213,Low,Yes,-6.84,Phase I
611,399.08,1.69,5,2,119.86,4,0,0.823,Low,Yes,-7.54,Phase I
612,345.83,2.02,1,5,118.12,12,0,0.461,Low,No,-10.16,Preclinical
613,371.0,4.89,1,2,114.9,13,0,0.575,Low,Yes,-7.55,Preclinical
614,265.59,1.5,1,7,101.19,9,1,0.952,Medium,No,-7.64,Phase I
615,533.43,1.84,0,11,96.61,5,4,0.468,Medium,Yes,-4.41,Preclinical
616,359.69,2.32,3,9,120.97,13,3,0.454,Low,Yes,-3.46,Phase I
617,358.2,3.51,5,9,147.71,13,2,0.802,Low,Yes,-6.54,Preclinical
618,404.43,2.75,1,11,61.41,11,4,0.503,High,Yes,-8.52,Phase II
619,386.08,0.95,0,6,122.34,10,0,0.58,Low,Yes,-6.48,Phase III
620,366.79,1.86,0,1,87.41,5,5,0.749,High,Yes,-10.05,Preclinical
621,290.71,1.77,3,6,86.11,12,1,0.5,Low,Yes,-8.3,Phase II
622,385.36,2.41,4,5,43.9,8,1,0.697,Low,No,-9.94,Phase III
623,491.15,3.01,4,4,81.46,9,2,0.471,Medium,Yes,-6.67,Phase III
624,450.91,3.0,1,6,60.08,13,5,0.745,High,Yes,-9.32,Preclinical
625,469.49,0.37,1,6,76.08,13,3,0.605,Low,No,-7.93,Phase II
626,311.66,3.78,5,6,57.05,1,4,0.444,Low,No,-7.57,Preclinical
627,275.78,2.8,3,2,76.53,5,5,0.519,Low,Yes,-7.54,Phase I
628,340.57,4.16,1,7,77.82,12,4,-0.111,High,No,-8.21,Phase II
629,354.18,3.03,3,4,92.9,2,4,0.798,Medium,No,-6.99,Phase II
630,432.06,3.82,0,9,41.56,13,3,0.186,Low,Yes,-9.38,Preclinical
631,223.07,3.06,1,10,46.63,1,3,0.233,Low,Yes,-4.89,Phase II
632,464.72,4.12,0,2,100.86,5,3,0.39,Low,No,-9.05,Phase I
633,338.15,3.13,2,5,66.08,3,2,0.052,Low,Yes,-7.44,Preclinical
634,317.98,2.38,3,4,122.24,4,1,0.617,Low,Yes,-6.56,Phase I
635,274.09,5.23,2,9,96.76,4,0,0.59,Medium,Yes,-6.48,Phase III
636,225.89,3.57,1,4,108.2,2,3,0.378,Low,No,-6.34,Phase III
637,411.74,3.19,0,8,132.32,11,1,0.33,Low,No,-9.89,Phase II
638,355.5,0.97,1,8,80.71,3,3,0.327,Medium,Yes,-8.88,Preclinical
639,253.25,0.95,2,6,72.77,2,0,0.654,Low,No,-7.3,Preclinical
640,252.87,2.85,1,6,116.15,6,5,0.102,Low,Yes,-6.78,Preclinical
641,324.82,2.67,5,11,105.29,14,3,0.398,Low,Yes,-5.61,Preclinical
642,475.18,1.76,4,8,84.38,0,1,0.118,Low,Yes,-8.27,Preclinical
643,330.53,2.67,2,10,131.74,14,2,0.692,Medium,No,-8.86,Preclinical
644,237.26,4.41,1,9,83.63,5,5,0.416,Medium,Yes,-8.32,Preclinical
645,331.57,3.33,0,5,90.98,3,5,0.637,Low,Yes,-4.11,Phase III
646,329.55,1.13,1,11,90.64,0,5,0.812,Low,Yes,-5.25,Phase I
647,147.73,2.37,0,1,61.96,0,0,0.817,Low,Yes,-7.75,Phase II
648,345.93,1.53,4,1,92.33,4,1,0.244,Medium,Yes,-5.57,Preclinical
649,332.68,2.03,1,2,131.9,13,4,0.577,Medium,Yes,-8.36,Phase I
650,402.22,2.0,4,10,103.35,4,4,0.78,Low,No,-6.07,Preclinical
651,488.67,1.93,2,10,90.93,9,4,0.674,Low,Yes,-9.57,Phase I
652,434.49,0.99,0,5,85.15,6,2,0.699,Low,No,-6.97,Phase I
653,329.83,2.35,5,4,99.93,12,3,0.054,Medium,Yes,-5.97,Phase I
654,267.01,1.83,2,1,112.49,11,3,0.67,High,Yes,-7.99,Phase II
655,543.0,-1.02,0,4,108.28,3,3,0.302,High,Yes,-6.58,Phase III
656,354.44,4.96,4,4,80.04,13,2,0.666,Low,No,-8.34,Phase I
657,351.04,3.81,3,10,99.74,8,4,0.661,Medium,Yes,-7.04,Preclinical
658,348.19,2.05,1,4,104.4,3,5,0.647,Medium,No,-8.22,Phase III
659,364.86,2.52,4,1,59.78,6,3,0.472,High,No,-6.27,Phase II
660,339.17,1.09,0,9,95.05,4,5,0.829,Low,Yes,-9.4,Phase I
661,306.98,4.53,0,3,25.16,14,5,0.628,Medium,Yes,-9.02,Phase II
662,308.99,4.78,0,4,104.48,4,2,0.58,Low,No,-5.54,Preclinical
663,347.54,2.69,0,5,109.81,5,2,0.266,Medium,Yes,-11.19,Preclinical
664,309.24,3.73,1,7,112.43,7,1,0.599,Low,Yes,-8.46,Preclinical
665,296.54,2.71,2,6,78.15,14,3,0.995,Medium,Yes,-7.71,Preclinical
666,357.98,0.9,5,5,99.27,4,4,0.152,High,Yes,-6.97,Phase I
667,330.88,2.01,3,8,132.72,14,0,0.683,Low,No,-8.22,Preclinical
668,462.8,2.66,1,1,132.41,2,2,0.714,Medium,Yes,-9.19,Phase III
669,151.18,1.95,0,7,89.12,5,5,0.931,Low,Yes,-5.66,Phase I
670,431.86,2.24,1,6,94.18,13,1,0.681,Low,Yes,-5.92,Preclinical
671,443.46,2.39,4,11,123.33,11,0,0.503,Low,No,-8.07,Preclinical
672,194.5,2.4,5,5,44.98,13,2,0.606,Low,Yes,-10.19,Phase I
673,324.3,2.56,0,7,80.31,1,1,0.433,High,No,-7.04,Preclinical
674,322.14,1.23,3,3,130.07,11,5,0.805,Low,No,-7.23,Phase II
675,244.44,1.64,0,1,119.26,11,3,0.113,Medium,Yes,-8.5,Phase II
676,291.66,0.96,5,9,101.08,7,1,0.378,High,Yes,-10.43,Phase I
677,266.71,3.67,3,2,44.83,7,2,0.612,High,Yes,-7.91,Preclinical
678,481.42,-0.03,5,10,88.5,14,3,0.793,Medium,No,-6.35,Phase II
679,420.18,3.88,3,3,72.3,2,5,0.497,Low,No,-6.12,Preclinical
680,445.37,4.16,2,8,99.93,11,4,0.304,Medium,No,-7.57,Preclinical
681,404.13,2.14,2,10,65.72,7,1,0.447,Low,Yes,-8.44,Phase I
682,265.32,-0.62,1,9,59.23,8,0,0.408,High,Yes,-6.4,Phase III
683,310.66,2.07,1,3,28.05,4,5,0.42,Medium,Yes,-9.21,Preclinical
684,386.7,2.42,3,6,126.65,4,3,0.391,Medium,Yes,-9.53,Phase III
685,258.34,1.29,0,7,78.01,5,5,0.391,Low,Yes,-7.63,Preclinical
686,403.47,1.88,4,1,94.71,6,3,0.071,Medium,Yes,-5.18,Preclinical
687,331.98,4.34,4,7,89.93,2,5,0.575,Medium,Yes,-5.12,Phase II
688,321.89,3.3,0,4,57.98,4,4,0.669,High,Yes,-9.48,Preclinical
689,403.32,1.39,0,5,52.23,0,1,0.875,Low,Yes,-8.16,Preclinical
690,383.32,0.58,2,8,59.84,10,0,0.715,High,Yes,-3.85,Preclinical
691,322.93,2.11,4,4,68.3,9,4,0.702,Low,Yes,-8.53,Preclinical
692,436.95,2.24,3,4,101.0,4,1,0.574,Medium,Yes,-5.07,Preclinical
693,268.92,3.1,5,8,66.13,3,0,0.059,Medium,Yes,-6.04,Phase II
694,396.2,1.86,1,5,142.39,0,5,0.57,Low,No,-5.71,Phase II
695,394.48,3.11,5,6,120.81,6,0,0.528,Low,Yes,-8.17,Phase III
696,326.78,4.82,2,11,114.25,14,2,0.757,Medium,No,-8.12,Phase II
697,374.46,3.48,4,5,86.41,0,0,0.642,Low,Yes,-8.87,Phase II
698,256.17,2.44,0,1,135.43,12,1,0.468,Low,Yes,-6.3,Phase II
699,419.3,2.28,4,7,83.46,7,4,0.99,Medium,Yes,-9.95,Phase III
700,336.13,2.07,3,6,89.06,13,4,0.712,Medium,Yes,-7.75,Preclinical
701,310.8,3.92,2,2,95.1,9,2,0.585,Medium,Yes,-5.05,Preclinical
702,428.68,1.75,0,11,111.05,11,1,0.614,Low,No,-6.61,Phase II
703,297.17,2.55,5,7,109.11,1,0,0.515,Low,Yes,-6.0,Preclinical
704,244.37,2.56,3,6,75.75,9,2,0.504,Medium,Yes,-9.97,Phase III
705,233.25,1.9,5,5,74.01,12,5,-0.043,Medium,Yes,-8.99,Phase I
706,395.45,0.85,1,8,109.2,11,3,0.271,Medium,Yes,-5.72,Preclinical
707,253.97,2.89,2,5,111.46,4,5,0.365,Medium,No,-7.31,Phase II
708,481.61,2.43,3,11,78.2,12,1,0.613,Low,No,-9.06,Preclinical
709,193.86,3.1,3,2,42.38,5,2,0.087,Low,Yes,-6.56,Phase III
710,477.23,1.86,5,6,83.78,8,4,0.37,High,Yes,-8.3,Phase III
711,365.83,3.96,0,1,108.71,14,2,0.338,Medium,Yes,-3.69,Phase II
712,342.75,1.45,1,5,144.16,13,3,0.529,Medium,No,-6.6,Preclinical
713,309.13,4.55,5,6,54.06,6,1,0.613,High,Yes,-8.88,Preclinical
714,379.94,0.4,3,7,77.2,5,2,0.339,High,No,-6.18,Phase I
715,347.18,3.02,2,2,78.32,4,5,0.357,Medium,Yes,-5.08,Phase III
716,432.75,3.07,3,1,130.67,5,0,0.33,Low,No,-7.51,Preclinical
717,358.57,1.55,4,6,88.95,14,5,0.402,High,Yes,-8.65,Preclinical
718,361.27,3.01,2,3,62.78,13,1,0.487,Medium,Yes,-7.43,Preclinical
719,322.73,4.04,2,5,106.76,10,2,0.829,Low,Yes,-8.42,Phase I
720,345.73,-0.16,3,11,77.86,3,5,0.247,Medium,No,-7.89,Phase III
721,373.09,3.1,0,2,53.27,0,2,0.938,Low,No,-9.58,Preclinical
722,221.74,-0.49,2,1,63.22,14,5,0.192,High,No,-6.19,Preclinical
723,248.89,1.34,4,1,142.02,11,1,0.739,Low,No,-9.22,Phase II
724,405.74,4.45,5,11,101.53,8,4,0.381,Medium,Yes,-6.59,Phase II
725,362.81,1.8,0,4,93.23,10,5,0.272,Medium,No,-7.96,Phase II
726,336.2,1.09,0,10,82.5,4,0,0.829,Medium,No,-7.17,Phase II
727,351.38,2.26,0,2,98.76,7,5,0.52,Medium,Yes,-8.21,Preclinical
728,376.07,4.98,2,1,98.41,6,1,0.511,High,Yes,-7.21,Preclinical
729,309.52,0.3,0,6,98.77,7,5,0.431,Low,Yes,-6.85,Phase III
730,291.63,1.24,3,4,93.45,0,0,0.355,Low,Yes,-8.03,Phase III
731,364.69,4.3,0,10,116.06,8,0,0.456,Medium,No,-10.09,Phase I
732,276.62,4.73,4,7,90.69,0,1,-0.307,Low,Yes,-6.99,Phase II
733,380.62,2.38,1,11,60.66,2,2,0.037,Low,Yes,-6.91,Phase III
734,222.31,1.01,4,6,71.63,7,5,0.598,Low,Yes,-9.65,Phase I
735,427.19,5.02,2,5,30.63,11,4,0.796,Low,Yes,-8.97,Preclinical
736,385.44,4.41,0,10,150.8,10,0,0.841,Medium,Yes,-8.02,Phase II
737,369.2,3.31,0,2,115.88,0,0,0.261,Medium,No,-10.94,Phase III
738,423.7,1.53,3,5,65.1,13,5,0.548,Low,Yes,-6.44,Phase II
739,474.91,2.44,5,9,81.54,0,2,-0.048,Medium,No,-8.23,Phase II
740,426.08,2.31,0,9,70.89,5,5,0.412,Low,Yes,-7.07,Phase I
741,211.93,2.9,4,2,136.28,4,1,0.706,Medium,No,-9.09,Preclinical
742,254.03,4.24,2,7,47.4,10,4,0.496,Low,Yes,-4.47,Preclinical
743,303.14,3.56,1,10,93.43,5,5,0.417,Medium,Yes,-9.63,Phase III
744,351.96,1.21,0,4,86.74,2,0,0.497,Low,Yes,-8.25,Phase I
745,388.82,4.15,1,3,114.81,9,0,0.821,Low,No,-5.7,Preclinical
746,295.57,2.88,0,11,86.88,11,1,0.439,Medium,Yes,-9.22,Phase III
747,364.01,3.32,2,1,37.25,9,2,0.518,Low,Yes,-7.36,Phase I
748,293.35,4.26,5,3,82.47,5,5,0.88,High,No,-6.56,Phase II
749,304.14,1.17,4,11,60.84,1,3,0.443,Medium,Yes,-9.76,Phase I
750,244.5,2.46,2,9,92.39,7,2,0.091,Low,Yes,-8.5,Preclinical
751,280.76,1.86,1,9,133.03,14,0,0.842,Medium,Yes,-7.21,Phase I
752,248.62,0.62,0,7,37.82,11,5,0.754,Low,Yes,-6.82,Phase III
753,276.81,2.92,1,3,65.99,5,0,-0.054,Medium,Yes,-8.73,Preclinical
754,429.02,5.51,4,3,73.42,12,4,0.467,High,Yes,-4.74,Phase II
755,278.8,0.29,2,4,78.55,12,2,0.494,Low,No,-6.78,Preclinical
756,547.43,2.46,1,7,112.2,3,3,0.842,Medium,Yes,-6.34,Preclinical
757,387.0,3.27,1,7,84.79,3,4,0.496,Low,Yes,-6.42,Preclinical
758,363.86,2.65,4,2,102.47,13,3,0.541,Medium,Yes,-9.84,Phase III
759,285.62,2.36,0,5,71.23,10,4,0.549,Low,Yes,-7.67,Phase I
760,402.52,0.94,1,7,96.9,6,2,0.383,Low,Yes,-7.52,Phase I
761,306.83,2.78,4,7,113.33,13,0,0.824,High,No,-7.88,Phase II
762,359.15,1.59,0,6,68.03,2,3,0.302,Low,No,-7.19,Preclinical
763,542.01,-0.13,5,10,113.44,10,2,0.379,Medium,No,-10.66,Preclinical
764,342.8,3.93,0,10,91.57,2,3,0.499,Medium,Yes,-7.31,Preclinical
765,436.2,3.65,5,8,121.36,5,2,0.165,Medium,No,-7.95,Phase II
766,297.26,2.56,2,3,83.96,8,4,0.941,Medium,No,-10.67,Phase I
767,347.38,2.77,4,1,101.44,0,2,0.5,Medium,Yes,-6.87,Phase III
768,482.81,3.79,0,3,88.78,4,4,0.706,Low,Yes,-9.27,Phase I
769,302.98,2.77,5,11,87.11,0,0,0.261,High,Yes,-8.07,Preclinical
770,485.93,3.58,5,2,97.77,0,4,0.678,Medium,Yes,-7.88,Phase II
771,403.08,2.14,2,2,106.1,2,1,0.699,Low,No,-10.27,Preclinical
772,307.81,4.07,3,2,52.51,2,0,0.735,Low,Yes,-10.1,Phase III
773,397.43,2.88,4,5,133.01,3,5,0.976,Medium,No,-6.68,Preclinical
774,422.94,2.73,3,1,34.21,2,5,0.36,High,Yes,-8.41,Preclinical
775,396.64,0.98,0,10,69.46,5,2,0.453,High,Yes,-8.09,Phase I
776,232.23,2.84,4,4,87.17,11,2,0.289,High,Yes,-7.39,Preclinical
777,295.46,1.5,2,10,102.37,14,1,0.476,Low,No,-10.14,Preclinical
778,331.44,1.73,0,5,137.29,3,2,0.666,High,Yes,-8.11,Phase I
779,344.42,1.52,4,2,34.25,7,0,0.653,High,No,-7.67,Preclinical
780,396.55,1.22,4,5,74.77,0,0,0.91,Low,Yes,-4.85,Preclinical
781,363.33,5.05,3,10,26.19,7,4,0.623,Low,Yes,-8.88,Preclinical
782,249.85,4.1,0,4,90.95,10,3,0.5,Low,Yes,-6.32,Phase I
783,378.51,4.8,2,8,98.15,0,2,0.227,Medium,No,-7.5,Preclinical
784,395.79,1.03,2,1,137.72,10,1,0.717,Low,Yes,-9.2,Preclinical
785,391.98,2.59,0,5,93.62,0,5,0.461,Low,Yes,-8.45,Phase I
786,431.06,0.95,0,11,121.32,6,0,0.722,Low,Yes,-6.2,Phase II
787,412.54,1.67,5,10,107.52,0,0,0.394,Low,No,-6.33,Phase II
788,384.44,1.4,1,1,76.94,8,0,0.8,Low,Yes,-8.28,Preclinical
789,344.74,3.99,3,10,47.73,13,3,0.597,Medium,Yes,-6.98,Preclinical
790,225.43,2.02,0,10,98.25,14,3,0.748,Low,Yes,-9.06,Phase I
791,382.22,3.78,0,4,45.24,7,2,0.596,High,Yes,-7.76,Phase III
792,365.58,3.22,1,8,128.86,12,5,0.269,High,No,-8.14,Phase I
793,370.37,5.26,1,1,85.14,14,1,0.409,High,No,-6.1,Preclinical
794,254.24,0.72,4,11,125.86,0,3,0.18,Medium,Yes,-6.81,Preclinical
795,268.92,4.01,2,2,75.59,1,4,0.546,Low,No,-8.51,Phase III
796,428.99,3.88,3,1,98.07,1,3,0.134,Low,No,-8.36,Phase II
797,347.03,1.33,4,11,96.28,1,0,0.573,Low,Yes,-7.54,Preclinical
798,401.11,3.71,0,7,88.65,5,1,-0.405,High,No,-7.74,Preclinical
799,352.12,2.9,1,2,77.02,3,2,0.702,Low,No,-7.92,Phase III
800,352.23,2.23,5,1,101.77,7,3,0.224,Medium,Yes,-8.03,Preclinical
801,420.37,1.51,2,6,62.22,0,0,0.262,Medium,No,-5.43,Phase I
802,311.3,1.64,4,6,53.72,14,4,0.843,High,Yes,-8.18,Phase II
803,357.21,4.96,5,10,127.28,9,4,0.58,Medium,Yes,-7.05,Preclinical
804,315.33,2.5,2,2,111.82,13,2,0.712,Medium,No,-3.87,Preclinical
805,317.41,3.44,5,1,91.98,3,2,0.249,Low,No,-8.77,Preclinical
806,326.81,1.55,1,10,139.95,9,3,0.74,Medium,No,-7.21,Phase III
807,366.66,1.56,4,3,81.97,10,2,0.466,Low,Yes,-7.13,Phase I
808,314.09,3.8,4,10,129.68,4,5,0.529,High,No,-7.52,Phase II
809,444.18,0.88,2,5,95.27,8,5,0.873,Medium,Yes,-7.44,Phase I
810,282.9,2.0,5,6,59.26,4,0,0.209,Low,Yes,-8.82,Phase III
811,335.98,2.54,1,3,145.44,12,0,0.728,High,Yes,-6.96,Phase III
812,317.02,2.63,0,9,119.72,10,0,0.596,Low,Yes,-10.26,Phase I
813,458.52,2.29,4,11,86.37,2,5,0.447,High,Yes,-4.8,Preclinical
814,364.74,2.97,0,5,111.82,10,3,0.226,High,Yes,-4.93,Phase I
815,427.39,3.33,1,2,77.89,3,3,0.444,Medium,No,-7.99,Phase II
816,238.58,3.38,4,10,114.87,9,2,0.295,Low,No,-5.92,Phase I
817,370.03,1.32,4,6,18.27,6,3,0.797,Low,No,-7.94,Phase II
818,416.72,2.16,5,8,59.41,0,0,0.523,High,Yes,-7.49,Preclinical
819,356.17,3.93,0,11,119.38,10,1,0.331,High,No,-8.52,Preclinical
820,429.91,3.57,5,6,82.51,5,0,0.141,Low,No,-6.27,Phase II
821,311.2,0.85,3,4,96.23,7,5,0.384,Low,Yes,-8.37,Preclinical
822,455.7,2.92,0,6,49.6,0,1,0.809,Low,No,-6.32,Phase I
823,522.42,0.13,0,8,145.44,7,2,0.528,High,Yes,-7.56,Phase III
824,322.79,2.56,3,8,125.72,6,4,0.455,Low,Yes,-7.53,Phase I
825,316.59,4.78,1,10,83.98,0,3,0.925,Low,Yes,-9.74,Phase III
826,459.0,1.36,1,2,77.86,8,3,0.396,Medium,No,-7.41,Phase II
827,468.47,1.5,4,8,120.89,10,5,0.298,Low,No,-9.22,Phase II
828,310.79,3.42,2,6,149.47,2,0,0.601,High,Yes,-7.41,Phase I
829,318.49,0.65,5,2,118.61,1,0,0.605,Low,Yes,-4.59,Preclinical
830,328.87,1.74,2,1,155.15,6,1,0.353,Low,No,-9.58,Phase I
831,249.17,3.22,4,6,62.33,10,3,0.301,Medium,No,-7.72,Preclinical
832,281.1,1.74,2,7,65.42,2,5,0.862,Low,Yes,-8.45,Phase III
833,274.69,2.22,0,10,54.33,0,2,0.392,Low,Yes,-9.06,Preclinical
834,292.42,3.39,0,5,103.25,9,0,0.137,Low,No,-8.69,Preclinical
835,347.4,3.01,3,10,95.27,12,3,0.548,Low,Yes,-5.29,Phase I
836,367.57,2.82,3,8,85.44,2,4,0.724,High,Yes,-4.9,Phase I
837,466.29,2.09,4,11,114.28,5,5,0.452,Low,Yes,-9.07,Preclinical
838,275.12,2.94,4,9,126.97,2,1,0.634,High,No,-6.9,Preclinical
839,423.82,2.35,4,4,44.23,4,0,0.238,Medium,No,-8.88,Phase II
840,333.95,3.05,0,7,72.09,8,0,0.657,Low,Yes,-8.52,Phase I
841,346.29,1.9,2,8,114.6,6,2,0.261,Low,Yes,-10.57,Preclinical
842,400.61,2.28,5,6,75.97,1,0,0.576,Medium,Yes,-4.3,Phase I
843,265.8,1.31,4,2,66.05,0,5,0.692,Low,Yes,-5.85,Preclinical
844,378.68,2.46,4,7,120.56,6,3,0.525,Low,Yes,-8.48,Preclinical
845,362.48,1.53,0,9,51.31,3,3,0.191,Low,Yes,-7.07,Phase III
846,386.93,1.16,5,5,80.95,10,3,0.202,Medium,Yes,-8.1,Preclinical
847,371.69,2.81,0,2,99.86,6,4,0.898,Medium,Yes,-6.08,Preclinical
848,534.15,2.76,5,4,72.79,5,4,0.308,Low,No,-8.01,Phase III
849,302.17,3.44,0,3,113.49,6,0,0.691,Medium,Yes,-7.79,Phase II
850,310.18,1.98,2,4,72.93,3,4,0.53,Medium,Yes,-8.49,Preclinical
851,303.26,2.99,4,10,132.26,2,4,0.249,Low,Yes,-6.59,Phase I
852,308.34,3.16,1,7,86.23,11,2,0.367,High,Yes,-4.19,Phase III
853,302.2,3.03,1,10,110.14,4,4,0.925,Medium,Yes,-7.93,Preclinical
854,439.18,1.51,4,8,112.38,2,1,1.372,High,Yes,-7.94,Phase I
855,456.54,2.68,4,1,71.17,13,1,0.421,Low,Yes,-7.54,Phase I
856,307.19,2.94,4,8,28.4,2,1,0.403,High,Yes,-7.11,Phase I
857,287.57,2.51,4,5,100.82,3,0,0.09,Medium,No,-7.95,Phase I
858,385.36,-0.0,5,7,92.17,7,3,0.088,Medium,Yes,-8.09,Phase I
859,308.58,2.69,2,11,106.67,1,2,0.286,Medium,Yes,-7.38,Preclinical
860,397.47,5.16,1,11,83.2,3,0,0.389,Low,No,-10.13,Phase II
861,365.22,2.07,3,1,77.09,10,3,0.494,High,No,-8.32,Preclinical
862,236.32,1.63,1,2,150.25,2,2,0.673,Medium,Yes,-10.5,Phase I
863,466.06,2.95,1,1,45.83,6,2,0.555,Low,No,-8.24,Phase I
864,484.69,2.87,0,5,112.02,1,2,0.677,Low,Yes,-8.92,Phase II
865,304.04,3.93,4,6,72.76,0,1,0.347,Low,No,-6.56,Phase I
866,320.92,0.99,4,10,79.93,9,1,0.482,Medium,Yes,-8.6,Phase II
867,371.44,3.38,4,9,80.49,0,1,0.409,Medium,No,-8.05,Preclinical
868,375.08,3.21,0,8,65.9,5,2,0.183,Low,No,-10.72,Phase II
869,399.39,2.33,2,7,107.14,2,5,0.006,Low,Yes,-5.97,Phase II
870,500.77,2.91,2,5,131.72,6,2,0.333,Medium,No,-9.13,Phase III
871,336.73,3.74,3,3,104.1,7,1,-0.12,Medium,Yes,-8.22,Phase I
872,290.13,3.55,2,9,93.1,4,2,0.217,Low,Yes,-6.33,Preclinical
873,246.55,1.13,2,5,60.41,4,1,0.636,Low,Yes,-6.33,Preclinical
874,295.18,3.48,4,3,105.5,11,1,0.545,Low,No,-9.17,Preclinical
875,347.52,2.42,5,3,154.69,1,1,0.505,High,Yes,-6.71,Phase I
876,484.59,2.59,1,3,78.58,7,5,0.795,Medium,Yes,-9.22,Preclinical
877,311.18,2.59,2,6,78.72,9,3,0.318,High,Yes,-7.15,Phase III
878,366.78,2.32,2,1,73.17,12,2,0.67,Low,Yes,-8.68,Phase III
879,348.77,3.93,0,11,75.32,0,0,0.298,High,Yes,-9.02,Preclinical
880,439.13,2.4,3,4,7.64,9,1,0.569,Medium,No,-7.45,Phase I
881,539.52,1.16,5,8,102.15,8,5,0.538,Low,No,-8.59,Phase II
882,310.18,2.03,0,3,64.63,0,0,0.552,Low,Yes,-4.47,Preclinical
883,313.29,2.71,4,5,41.69,0,3,0.403,Medium,Yes,-8.43,Phase I
884,428.31,3.98,1,2,112.6,0,2,0.58,High,Yes,-9.29,Phase I
885,401.14,3.22,3,2,57.54,6,5,0.599,Low,Yes,-8.85,Preclinical
886,488.5,1.48,0,11,79.84,3,1,0.142,Low,Yes,-7.53,Phase I
887,393.79,5.48,2,7,133.99,11,1,0.712,Medium,Yes,-7.33,Phase III
888,323.05,2.82,2,10,47.72,6,1,0.191,High,Yes,-7.04,Preclinical
889,394.3,4.03,3,3,44.02,4,5,0.281,Medium,Yes,-6.13,Phase I
890,433.15,2.32,2,5,98.08,11,0,0.56,Low,No,-10.01,Preclinical
891,411.54,3.14,0,3,124.48,13,3,0.649,Low,No,-6.06,Phase III
892,388.05,3.51,0,6,42.77,6,2,0.555,Low,Yes,-8.87,Phase III
893,430.0,3.96,2,10,102.23,9,3,0.581,High,No,-6.9,Preclinical
894,437.7,3.77,2,3,107.43,13,1,0.216,Medium,Yes,-4.92,Phase III
895,453.66,3.55,4,8,28.23,6,3,0.369,Medium,No,-8.7,Preclinical
896,398.65,2.12,1,2,113.96,3,0,-0.013,Low,No,-8.76,Preclinical
897,337.47,1.81,3,3,116.3,1,4,0.27,High,No,-9.04,Phase II
898,361.0,2.9,0,8,80.65,7,4,0.165,Medium,Yes,-8.01,Preclinical
899,440.49,3.62,3,8,127.57,1,2,0.503,High,Yes,-5.6,Phase I
900,288.73,2.23,4,1,124.09,8,2,1.089,Medium,Yes,-9.17,Phase II
901,377.65,3.78,0,8,93.09,4,3,0.69,Medium,Yes,-8.24,Preclinical
902,320.5,4.24,4,10,76.46,8,2,-0.061,Medium,Yes,-6.04,Preclinical
903,352.16,1.4,4,2,60.82,14,5,0.121,Low,Yes,-6.56,Phase I
904,445.88,1.5,5,7,88.87,8,0,0.175,High,No,-8.25,Preclinical
905,364.33,2.33,2,6,107.09,13,1,0.061,Low,Yes,-7.82,Preclinical
906,353.48,2.87,5,2,80.27,7,1,0.429,Medium,Yes,-6.13,Preclinical
907,248.01,1.87,3,5,24.07,7,3,0.557,High,Yes,-5.13,Phase II
908,405.97,4.12,3,7,128.06,3,1,0.177,Low,Yes,-4.95,Phase III
909,398.41,3.01,2,8,95.71,13,3,0.444,Medium,Yes,-5.43,Preclinical
910,512.24,2.55,5,3,78.61,3,2,0.555,Medium,Yes,-8.51,Preclinical
911,326.92,0.78,3,1,115.71,13,2,0.675,Medium,Yes,-4.77,Phase II
912,366.44,0.92,5,7,135.74,1,5,0.539,High,Yes,-8.61,Phase III
913,368.7,2.84,2,5,5.94,3,5,0.583,Medium,Yes,-9.98,Preclinical
914,468.31,-0.06,0,5,103.03,3,0,0.491,Medium,Yes,-7.33,Phase III
915,342.85,3.72,4,7,47.2,5,1,0.246,Low,No,-5.29,Phase I
916,370.93,2.31,4,1,104.97,2,5,0.301,Low,Yes,-6.5,Phase III
917,395.59,6.39,5,8,93.84,1,0,0.169,Low,No,-7.61,Preclinical
918,364.0,5.27,3,10,109.07,14,4,0.875,Medium,Yes,-7.06,Phase III
919,316.52,2.28,5,5,75.02,7,5,0.133,Low,Yes,-6.7,Phase I
920,364.56,2.37,5,8,33.8,1,0,0.738,Medium,Yes,-7.28,Phase III
921,430.52,3.69,1,10,76.49,7,3,0.135,Low,Yes,-7.94,Phase I
922,273.01,4.54,4,10,102.21,6,3,0.692,Medium,Yes,-8.61,Phase I
923,359.97,0.53,2,5,120.46,2,0,0.743,Low,Yes,-7.33,Phase II
924,297.49,0.36,5,7,54.85,5,2,0.788,Medium,Yes,-7.68,Phase II
925,439.63,1.75,1,10,120.81,5,4,0.24,Medium,Yes,-7.49,Phase I
926,235.76,3.2,1,3,70.56,9,0,0.541,High,No,-5.93,Phase I
927,308.08,3.1,4,2,100.87,13,5,0.35,Medium,No,-7.87,Phase II
928,378.29,3.78,4,6,74.7,4,2,0.278,Medium,Yes,-7.81,Phase III
929,467.41,1.06,4,5,95.47,12,0,0.511,High,Yes,-7.22,Preclinical
930,345.07,-0.28,2,9,116.76,7,1,0.703,Medium,Yes,-3.56,Phase I
931,308.36,3.53,1,10,53.19,14,5,0.351,Low,Yes,-9.14,Phase III
932,491.09,1.51,3,4,69.6,10,5,0.582,High,No,-5.86,Phase II
933,241.4,0.08,2,11,95.55,11,3,0.273,Medium,Yes,-7.95,Phase II
934,185.09,2.67,0,3,162.05,4,1,0.239,Low,Yes,-7.59,Phase III
935,383.0,3.45,5,9,64.1,6,1,0.419,Medium,Yes,-9.47,Phase II
936,312.35,2.35,4,8,151.2,5,5,0.434,High,No,-4.68,Phase II
937,273.41,1.95,1,6,150.13,10,4,0.667,High,Yes,-7.17,Phase III
938,403.13,2.31,5,1,87.08,14,2,0.187,High,Yes,-6.51,Phase III
939,368.29,2.06,2,10,81.06,6,3,1.04,Low,No,-9.75,Phase II
940,307.69,0.88,0,11,69.24,12,1,0.052,Low,Yes,-8.46,Preclinical
941,253.98,1.64,2,1,87.95,8,3,0.557,Low,Yes,-6.88,Preclinical
942,415.43,3.13,2,6,47.8,2,5,0.429,Low,No,-7.74,Phase I
943,398.77,2.89,3,3,87.71,9,2,0.338,High,Yes,-6.83,Phase II
944,342.56,2.7,5,3,134.91,6,0,0.456,Low,No,-4.35,Preclinical
945,488.5,1.31,3,6,71.67,12,1,0.668,Medium,Yes,-6.74,Preclinical
946,269.74,2.28,2,3,82.78,9,2,0.707,Medium,Yes,-8.17,Preclinical
947,235.59,-0.11,0,11,38.97,2,3,0.446,Medium,No,-8.48,Phase II
948,298.11,2.71,1,10,101.22,12,5,0.583,Low,Yes,-8.65,Phase III
949,346.58,4.21,1,6,97.93,1,2,0.167,Low,No,-8.14,Phase III
950,368.25,0.73,5,5,91.91,11,0,0.454,Low,No,-8.08,Preclinical
951,331.91,1.8,4,4,83.5,6,2,0.599,Low,Yes,-7.32,Preclinical
952,376.4,2.89,4,8,81.22,3,5,-0.071,High,No,-6.71,Phase I
953,256.13,4.0,1,2,105.06,0,3,0.52,Medium,No,-6.85,Preclinical
954,458.28,1.96,2,11,89.14,5,1,0.458,Low,Yes,-7.3,Phase II
955,343.84,1.67,2,7,99.45,10,1,0.817,High,Yes,-7.2,Preclinical
956,433.8,0.14,3,4,96.45,5,4,0.542,Low,Yes,-3.7,Preclinical
957,375.7,2.62,5,2,123.7,5,3,0.62,Medium,Yes,-8.58,Phase I
958,384.26,4.95,3,7,110.31,1,4,0.432,Low,Yes,-7.56,Preclinical
959,392.73,2.83,4,1,95.79,0,4,0.658,Medium,Yes,-10.18,Preclinical
960,383.58,2.47,1,4,135.55,2,5,0.641,Low,Yes,-8.07,Phase I
961,398.2,2.89,2,9,102.61,11,5,0.173,Low,Yes,-8.85,Preclinical
962,449.69,2.49,1,4,129.15,13,5,0.578,Low,Yes,-8.59,Phase I
963,364.74,1.52,0,3,108.21,1,0,0.796,Low,Yes,-9.28,Preclinical
964,403.18,3.49,1,10,34.74,5,3,0.746,Medium,Yes,-9.53,Phase I
965,343.27,2.77,0,10,129.15,12,1,0.507,Low,No,-7.32,Phase III
966,458.01,2.52,3,2,94.06,11,3,0.58,Medium,Yes,-6.43,Phase I
967,299.27,1.33,3,3,88.44,5,5,0.729,Medium,Yes,-8.66,Phase I
968,485.07,4.06,4,1,98.44,12,0,0.215,Medium,Yes,-10.54,Phase III
969,346.99,3.3,1,10,79.65,4,3,0.619,Medium,Yes,-7.33,Preclinical
970,242.69,1.84,1,8,96.81,9,3,0.007,Low,Yes,-6.8,Preclinical
971,359.61,3.7,0,1,72.24,9,4,0.716,Medium,No,-6.49,Preclinical
972,298.92,1.9,3,3,128.23,4,3,0.404,High,Yes,-9.03,Phase I
973,413.05,1.56,0,3,86.59,8,4,0.478,Medium,No,-8.41,Phase I
974,301.05,1.59,3,2,78.52,13,4,0.361,Medium,Yes,-9.16,Preclinical
975,316.54,0.37,0,5,62.25,4,2,0.49,Medium,Yes,-8.61,Phase III
976,208.28,3.07,3,10,98.06,12,5,0.564,Low,No,-8.68,Preclinical
977,316.08,0.3,0,3,95.61,9,0,0.689,Medium,No,-8.26,Phase III
978,168.21,1.03,3,3,101.65,5,4,0.825,High,Yes,-7.88,Phase III
979,231.21,0.01,5,8,59.18,10,3,0.512,Low,No,-7.33,Phase III
980,407.03,2.4,0,4,41.96,3,4,0.085,High,Yes,-8.77,Phase II
981,408.94,2.32,1,4,108.77,9,4,0.826,Low,No,-7.71,Preclinical
982,381.91,2.11,4,3,134.54,13,4,0.132,Low,Yes,-8.86,Phase II
983,277.48,1.25,5,11,59.21,13,1,0.394,High,No,-10.13,Preclinical
984,346.42,1.09,5,1,137.68,14,1,0.377,Medium,Yes,-6.69,Phase III
985,349.73,3.06,0,8,98.52,0,1,0.503,High,Yes,-8.49,Preclinical
986,263.12,1.84,4,1,89.79,3,1,0.184,High,No,-10.1,Preclinical
987,462.75,2.88,1,7,78.07,1,2,0.172,Low,Yes,-6.66,Phase III
988,415.8,1.44,5,5,48.46,9,4,0.495,Medium,Yes,-7.88,Preclinical
989,333.43,2.72,1,4,119.63,2,2,0.301,Low,Yes,-6.82,Preclinical
990,352.02,4.06,3,4,66.73,6,3,0.837,Low,No,-6.87,Phase I
991,365.63,3.2,4,8,66.61,6,5,0.362,Low,No,-9.14,Phase II
992,196.87,2.01,2,11,119.76,0,0,0.243,Medium,No,-6.1,Phase I
993,331.46,2.81,3,11,33.51,7,2,0.918,Medium,No,-10.25,Phase II
994,298.85,2.21,4,6,44.29,6,1,0.617,Medium,Yes,-8.1,Phase III
995,274.88,2.51,0,1,89.46,0,1,1.179,Medium,Yes,-8.2,Preclinical
996,328.92,2.11,0,10,98.8,7,3,0.019,Low,Yes,-8.66,Phase I
997,484.83,2.3,1,8,104.54,13,4,0.552,Medium,Yes,-5.66,Phase II
998,398.06,2.75,5,2,80.95,13,0,0.621,Low,Yes,-7.05,Phase I
999,307.16,1.31,2,6,165.91,1,2,0.507,Low,Yes,-9.61,Phase I
1000,392.94,1.28,0,9,83.16,7,4,0.409,Medium,Yes,-9.4,Preclinical
1001,454.95,0.83,4,1,83.08,2,4,0.811,Medium,No,-4.27,Preclinical
1002,419.35,0.58,5,6,66.09,9,5,0.617,High,Yes,-8.22,Preclinical
1003,354.47,1.04,5,8,93.72,6,5,0.078,Medium,No,-8.69,Preclinical
1004,301.48,2.69,4,10,108.45,12,2,0.283,Medium,No,-5.77,Preclinical
1005,402.37,1.43,5,2,126.11,5,2,0.209,Medium,No,-10.17,Phase I
1006,379.51,3.12,0,5,45.32,4,2,0.47,Low,No,-5.42,Preclinical
1007,417.14,2.54,4,6,82.62,14,2,0.737,Low,Yes,-8.7,Phase II
1008,397.64,0.14,4,5,103.4,10,1,0.405,Low,Yes,-6.73,Phase III
1009,428.72,3.29,1,3,107.61,9,4,0.437,Low,No,-8.22,Preclinical
1010,309.86,3.47,2,4,90.2,13,4,0.255,Low,Yes,-9.86,Phase I
1011,448.8,1.31,1,7,106.27,10,1,0.69,High,No,-7.23,Phase III
1012,364.82,3.0,2,4,65.73,1,4,0.808,Medium,Yes,-6.08,Phase I
1013,505.64,1.47,4,9,136.74,1,2,0.492,Medium,Yes,-11.02,Phase III
1014,298.31,2.62,5,11,119.78,12,0,0.895,Low,Yes,-9.23,Preclinical
1015,480.2,0.98,2,10,49.65,11,5,0.364,Low,No,-5.64,Phase III
1016,364.84,0.35,4,2,57.75,14,5,0.151,Low,No,-6.9,Phase I
1017,301.14,2.04,4,5,58.59,0,4,0.701,Medium,No,-6.8,Preclinical
1018,313.71,2.35,1,8,110.34,13,0,0.476,Low,No,-6.1,Phase III
1019,325.97,2.02,1,5,51.46,8,5,0.355,Medium,Yes,-6.8,Phase III
1020,381.81,1.08,5,10,80.07,10,0,0.519,Medium,Yes,-7.28,Preclinical
1021,389.21,2.02,3,8,103.64,7,1,0.104,Medium,No,-5.83,Phase III
1022,306.97,2.82,0,8,88.02,7,3,0.063,Low,Yes,-8.09,Preclinical
1023,348.17,2.45,3,9,97.77,0,4,0.523,Medium,Yes,-7.52,Phase II
1024,510.67,2.72,3,10,58.03,4,1,0.609,Medium,Yes,-6.26,Preclinical
1025,479.57,1.7,5,6,107.85,11,1,0.848,Medium,Yes,-8.65,Preclinical
1026,382.72,3.91,2,4,71.6,5,0,0.722,Low,No,-5.36,Phase II
1027,352.85,1.09,5,11,80.26,14,4,0.659,Low,Yes,-7.06,Preclinical
1028,359.0,3.09,5,3,97.13,1,1,0.818,Low,No,-9.22,Preclinical
1029,396.01,3.92,4,5,93.09,9,2,0.622,High,No,-7.79,Phase I
1030,273.29,3.08,4,6,90.72,14,1,0.414,Low,Yes,-9.58,Preclinical
1031,330.7,2.26,4,3,67.48,4,2,0.728,High,Yes,-7.37,Phase II
1032,224.86,1.87,0,2,81.01,5,3,0.719,Low,Yes,-8.07,Preclinical
1033,379.94,3.74,2,7,90.07,8,2,0.498,Low,No,-8.8,Phase II
1034,398.54,0.79,2,11,48.75,14,2,0.2,Medium,Yes,-10.17,Preclinical
1035,313.76,1.34,4,5,76.12,9,0,0.054,Low,Yes,-8.69,Preclinical
1036,468.05,2.02,3,9,101.63,0,1,0.711,High,No,-7.77,Preclinical
1037,258.07,3.99,0,3,51.68,12,3,0.62,Medium,Yes,-8.06,Phase I
1038,240.17,2.96,3,8,124.7,9,1,0.655,Medium,No,-9.63,Preclinical
1039,366.83,1.34,1,6,128.09,2,2,0.72,Medium,No,-7.47,Phase I
1040,428.53,2.13,2,4,52.65,11,5,0.275,Medium,Yes,-8.98,Preclinical
1041,476.29,1.76,2,9,130.73,8,2,0.031,High,Yes,-6.12,Phase III
1042,315.58,1.65,3,5,85.69,14,1,0.629,Low,Yes,-5.9,Preclinical
1043,430.9,3.67,0,10,102.56,13,3,0.799,Medium,No,-7.89,Phase II
1044,347.11,0.85,2,6,75.1,0,5,0.588,Medium,No,-5.14,Preclinical
1045,337.05,4.43,3,9,117.69,0,3,0.128,High,Yes,-7.71,Preclinical
1046,416.27,3.49,5,7,102.18,0,0,0.56,Medium,Yes,-9.45,Preclinical
1047,398.92,3.81,5,5,65.58,6,2,0.219,High,No,-5.72,Preclinical
1048,231.77,1.94,0,2,55.04,12,2,0.114,Medium,Yes,-5.08,Phase I
1049,460.74,2.32,3,4,46.19,4,0,0.498,Low,No,-6.01,Phase III
1050,453.51,0.78,5,2,95.64,5,1,0.541,Medium,Yes,-8.65,Preclinical
1051,303.08,1.87,0,3,107.17,12,2,0.475,Medium,Yes,-9.35,Phase I
1052,379.69,3.09,4,10,109.53,14,1,0.61,Medium,No,-8.03,Preclinical
1053,387.05,4.06,0,3,86.46,13,3,0.302,Low,Yes,-3.79,Preclinical
1054,369.55,1.17,1,4,55.29,7,5,0.521,Medium,Yes,-9.27,Preclinical
1055,308.73,2.06,4,6,69.54,13,5,0.379,Low,Yes,-6.27,Phase III
1056,299.63,2.32,3,3,124.57,12,5,0.437,High,Yes,-7.64,Preclinical
1057,348.08,0.83,4,10,75.46,1,4,0.567,Low,No,-6.08,Phase II
1058,437.95,3.21,4,1,94.3,12,0,0.765,Medium,Yes,-9.39,Preclinical
1059,390.77,1.63,3,1,57.73,1,5,0.573,Low,No,-7.87,Preclinical
1060,322.2,2.27,3,9,100.1,2,2,0.656,Low,No,-8.85,Phase I
1061,407.88,1.96,5,9,76.27,12,0,0.503,High,No,-8.76,Preclinical
1062,136.36,1.55,1,5,121.4,2,3,0.622,Low,No,-6.4,Preclinical
1063,436.16,2.49,3,9,113.21,12,3,0.758,Low,Yes,-9.18,Preclinical
1064,219.52,2.24,2,11,75.13,2,3,0.97,Low,No,-7.07,Preclinical
1065,322.82,2.05,2,7,86.2,3,3,0.803,Medium,Yes,-7.42,Phase II
1066,266.02,1.63,1,9,73.47,2,4,0.486,Medium,Yes,-8.93,Preclinical
1067,252.9,2.88,0,7,47.42,1,1,0.786,Low,Yes,-8.61,Phase II
1068,437.06,4.48,0,9,64.28,8,1,0.637,Medium,Yes,-7.0,Preclinical
1069,314.92,2.67,2,2,95.95,5,5,0.348,Low,Yes,-7.54,Phase III
1070,375.99,3.7,3,11,99.76,2,4,0.641,High,Yes,-7.44,Phase I
1071,346.48,0.83,1,11,94.46,8,1,0.218,Medium,Yes,-7.85,Preclinical
1072,385.78,2.69,0,8,80.95,14,3,0.641,High,Yes,-7.95,Phase III
1073,355.76,1.18,0,7,117.99,3,1,0.938,High,Yes,-7.53,Preclinical
1074,253.78,0.73,4,6,91.91,3,0,0.706,Low,No,-5.34,Phase I
1075,424.72,1.61,2,5,111.1,7,5,0.799,Low,Yes,-6.71,Phase I
1076,312.97,3.93,3,4,36.79,6,1,0.405,Medium,Yes,-7.7,Preclinical
1077,233.26,3.64,1,7,-27.67,14,0,0.62,Low,Yes,-9.12,Phase III
1078,317.89,2.79,0,3,98.51,6,2,0.675,Low,Yes,-8.13,Phase II
1079,462.56,0.66,4,8,47.26,9,0,0.424,Low,Yes,-8.88,Phase II
1080,413.77,2.26,2,2,83.63,6,0,0.671,Low,Yes,-8.69,Phase III
1081,323.85,2.86,2,1,80.94,9,3,0.614,Medium,Yes,-10.31,Phase I
1082,323.81,2.71,1,11,137.62,10,3,0.674,Low,Yes,-7.52,Preclinical
1083,325.88,0.29,0,2,102.0,4,5,0.242,Low,Yes,-4.4,Phase II
1084,505.76,1.43,1,9,94.98,14,3,0.819,Medium,No,-7.21,Preclinical
1085,378.65,2.42,1,5,115.11,6,0,0.613,Low,Yes,-6.41,Preclinical
1086,382.25,3.14,5,11,101.05,3,4,0.47,High,No,-6.06,Phase I
1087,427.27,-0.14,4,8,76.27,7,3,0.476,Low,No,-7.93,Phase III
1088,367.91,2.31,2,3,122.14,8,3,0.49,Medium,Yes,-7.83,Preclinical
1089,330.57,2.67,5,7,56.71,12,0,0.293,Low,No,-9.6,Phase II
1090,335.27,3.52,3,2,99.7,11,2,0.797,Low,No,-7.2,Phase I
1091,344.63,3.33,2,8,43.57,2,2,0.741,Low,No,-7.42,Preclinical
1092,347.21,3.2,2,7,96.12,6,1,0.758,Medium,Yes,-8.78,Phase II
1093,404.57,1.54,4,5,95.79,11,5,0.878,High,Yes,-5.78,Phase III
1094,353.9,0.21,3,11,140.29,9,2,0.547,Medium,Yes,-8.66,Preclinical
1095,404.95,2.03,0,4,43.05,8,3,0.086,Low,Yes,-3.23,Preclinical
1096,343.95,3.7,3,1,71.97,0,4,0.657,Low,No,-6.89,Preclinical
1097,355.9,4.17,0,5,114.68,1,1,0.648,Low,No,-7.53,Phase II
1098,200.13,3.35,3,9,100.06,6,5,0.888,Low,Yes,-4.59,Preclinical
1099,418.72,3.02,1,10,95.41,14,4,0.771,Low,No,-10.92,Preclinical
1100,375.99,2.96,3,4,61.32,12,4,0.533,High,No,-7.93,Phase II
1101,424.85,1.83,5,9,72.28,1,3,0.464,Medium,Yes,-8.15,Phase I
1102,132.78,2.34,5,2,127.35,6,0,0.751,Medium,Yes,-7.77,Preclinical
1103,506.63,4.5,4,4,88.45,0,0,-0.164,Medium,Yes,-7.16,Phase III
1104,339.53,1.37,0,9,101.26,14,0,0.56,Medium,No,-7.82,Phase III
1105,433.11,4.44,2,4,86.54,2,2,0.736,Low,No,-5.4,Phase III
1106,272.01,2.11,4,5,54.51,14,0,0.47,Medium,Yes,-6.85,Preclinical
1107,395.96,4.09,5,11,118.01,4,5,0.404,High,Yes,-6.77,Phase III
1108,270.99,0.81,5,8,105.1,13,3,0.574,Low,No,-6.81,Phase II
1109,303.22,3.2,0,1,159.17,11,2,0.837,Low,No,-9.43,Preclinical
1110,493.55,1.62,5,1,59.53,13,5,0.613,High,Yes,-7.2,Phase I
1111,335.7,0.8,5,9,114.68,10,0,0.331,Medium,Yes,-7.15,Preclinical
1112,366.31,2.76,0,9,50.65,5,5,0.804,Low,No,-9.19,Phase II
1113,415.26,3.71,5,4,94.72,14,4,0.853,Medium,Yes,-6.17,Phase II
1114,387.18,1.49,2,2,119.3,12,3,0.298,Low,Yes,-10.56,Phase II
1115,361.28,0.7,1,9,27.84,8,3,1.2,Low,No,-3.72,Preclinical
1116,377.37,2.39,4,4,83.85,8,5,0.5,Low,Yes,-7.56,Phase I
1117,530.26,2.4,2,6,73.1,2,1,0.737,Low,No,-8.78,Preclinical
1118,345.68,3.16,2,1,68.94,13,3,0.682,Medium,Yes,-6.57,Phase III
1119,365.08,3.64,1,9,101.56,7,4,0.325,Medium,Yes,-6.56,Phase II
1120,428.8,2.43,4,5,123.62,12,3,0.387,High,Yes,-4.43,Preclinical
1121,432.91,4.73,2,3,86.0,3,1,0.517,Low,Yes,-4.83,Preclinical
1122,439.03,2.77,5,4,96.16,6,3,0.032,Medium,Yes,-9.49,Phase II
1123,397.9,2.08,1,1,93.43,5,3,0.705,Low,No,-7.91,Phase I
1124,264.27,0.57,4,9,90.05,7,1,0.026,Low,Yes,-8.86,Phase II
1125,472.51,2.18,3,8,57.32,5,3,0.504,High,No,-6.39,Preclinical
1126,264.02,2.1,0,4,123.25,3,5,0.332,Low,Yes,-5.38,Phase II
1127,372.7,3.65,5,2,98.86,1,2,0.645,Low,Yes,-9.47,Preclinical
1128,293.43,3.05,1,9,101.85,6,5,-0.051,Low,Yes,-7.59,Phase I
1129,345.19,1.08,0,4,65.8,10,3,0.084,Low,No,-8.45,Phase III
1130,374.66,2.71,3,9,76.22,14,0,0.351,Medium,Yes,-6.23,Phase I
1131,374.1,3.31,2,10,84.72,12,0,0.63,High,Yes,-6.89,Preclinical
1132,381.64,4.33,2,3,43.98,10,2,0.555,Medium,No,-5.74,Phase III
1133,471.03,3.57,4,7,39.36,3,3,0.763,High,Yes,-8.13,Preclinical
1134,384.02,3.41,1,7,71.98,12,4,0.527,Medium,Yes,-7.67,Phase II
1135,331.69,2.57,1,10,105.68,8,3,0.496,High,Yes,-6.91,Phase I
1136,422.31,2.97,4,4,70.41,8,0,0.232,Low,Yes,-7.91,Preclinical
1137,439.21,4.0,0,2,59.44,6,1,0.444,High,Yes,-7.05,Preclinical
1138,257.93,0.9,2,11,65.56,4,2,0.495,Low,No,-5.59,Preclinical
1139,394.81,2.08,2,9,76.34,2,1,-0.014,High,No,-4.3,Phase III
1140,402.59,1.57,1,4,79.38,2,4,0.277,Low,No,-8.23,Phase III
1141,327.68,2.95,1,8,154.97,8,3,0.616,Medium,Yes,-4.28,Phase I
1142,453.18,3.98,4,2,121.64,8,4,0.545,Medium,No,-8.25,Preclinical
1143,338.75,1.78,3,8,120.74,11,1,0.437,High,Yes,-6.2,Phase III
1144,359.42,-0.37,0,11,125.06,12,3,0.348,Medium,Yes,-8.24,Phase I
1145,337.02,2.01,5,10,60.04,10,5,0.064,Low,Yes,-9.04,Phase I
1146,351.17,3.6,3,5,53.33,3,5,-0.044,Medium,No,-5.67,Phase I
1147,267.78,3.15,3,7,56.79,10,4,0.423,Low,Yes,-7.57,Preclinical
1148,242.0,3.01,1,7,130.04,0,5,0.872,Low,Yes,-5.57,Phase I
1149,469.59,2.16,1,9,73.58,12,5,0.509,Low,No,-6.37,Phase I
1150,286.48,0.97,1,3,52.46,9,0,0.755,Low,Yes,-6.88,Phase I
1151,275.65,3.12,3,10,77.07,4,5,0.206,Medium,Yes,-6.67,Phase III
1152,188.5,1.5,0,4,82.84,13,0,0.571,High,Yes,-5.87,Preclinical
1153,302.08,5.12,1,10,98.05,7,2,0.324,High,No,-6.11,Phase I
1154,250.77,3.18,2,4,97.53,9,0,0.314,Low,Yes,-8.11,Preclinical
1155,473.15,1.8,0,10,65.15,14,0,0.686,Low,Yes,-6.87,Phase II
1156,425.74,1.77,2,5,110.57,14,1,0.47,Low,No,-5.25,Preclinical
1157,298.39,2.39,0,6,70.82,3,0,0.154,Low,Yes,-7.43,Preclinical
1158,518.93,2.21,1,3,85.31,9,0,0.525,Low,Yes,-8.24,Phase II
1159,423.63,3.84,5,4,110.6,9,1,0.321,Low,No,-8.43,Preclinical
1160,325.64,2.72,4,3,70.75,3,0,0.139,Medium,Yes,-6.23,Phase I
1161,162.54,1.62,1,2,72.92,12,5,0.251,Medium,Yes,-7.86,Phase III
1162,521.82,4.77,3,10,107.75,11,0,1.011,Medium,Yes,-6.96,Phase I
1163,245.78,2.56,5,9,64.27,13,2,0.803,Low,Yes,-7.93,Preclinical
1164,226.6,3.42,3,1,78.46,8,0,-0.004,Medium,No,-5.74,Preclinical
1165,426.69,1.77,0,2,106.67,14,0,0.453,Medium,Yes,-7.27,Phase II
1166,532.98,2.94,3,8,151.62,8,2,0.471,Low,Yes,-5.36,Preclinical
1167,453.82,2.87,5,7,108.16,6,1,0.433,Low,No,-5.41,Phase II
1168,392.29,0.23,5,1,104.18,9,5,0.334,Low,Yes,-7.63,Phase II
1169,394.61,4.92,1,5,105.92,7,0,0.687,Low,Yes,-5.5,Phase I
1170,414.01,4.05,2,10,57.8,11,5,0.736,Low,Yes,-8.01,Phase II
1171,406.92,2.02,1,6,93.47,11,4,0.762,Low,Yes,-7.1,Preclinical
1172,371.09,1.18,0,5,89.11,3,5,0.583,Low,Yes,-8.67,Phase I
1173,357.82,2.92,3,4,99.65,7,1,0.652,Low,Yes,-6.61,Phase II
1174,345.31,2.6,2,1,93.5,13,1,0.414,Medium,Yes,-7.05,Preclinical
1175,293.45,2.93,4,7,101.39,5,0,0.106,Low,No,-6.73,Preclinical
1176,328.95,2.73,5,9,80.66,12,2,0.099,Medium,No,-9.54,Phase II
1177,223.03,3.11,2,6,91.76,2,1,0.287,Low,Yes,-10.48,Phase II
1178,342.62,4.24,2,3,53.17,6,2,0.45,Low,Yes,-9.2,Phase I
1179,275.86,3.18,1,10,80.4,2,4,0.179,High,Yes,-6.75,Phase II
1180,267.23,1.24,4,4,131.73,10,2,0.218,Medium,Yes,-6.49,Phase I
1181,363.49,4.14,5,10,99.56,6,3,0.405,Low,No,-5.81,Phase III
1182,454.4,4.47,0,5,89.37,4,2,0.716,Medium,No,-8.11,Phase II
1183,418.87,6.28,0,1,146.88,3,1,0.584,Medium,Yes,-7.19,Preclinical
1184,232.21,1.15,2,5,49.17,2,2,0.284,Low,Yes,-8.55,Preclinical
1185,275.78,2.79,2,1,56.72,7,2,0.512,Low,Yes,-5.45,Phase II
1186,420.56,0.0,3,9,141.38,3,3,0.168,High,Yes,-8.56,Phase III
1187,276.31,3.16,4,7,91.38,7,3,0.284,Low,No,-5.73,Preclinical
1188,333.15,1.84,5,3,82.72,9,0,0.086,Low,No,-7.88,Phase I
1189,391.25,4.81,2,9,54.02,2,1,0.607,Low,Yes,-5.14,Preclinical
1190,277.37,1.57,3,2,103.43,9,0,0.429,Medium,Yes,-7.23,Preclinical
1191,357.9,0.47,4,7,106.33,12,3,0.461,High,Yes,-7.26,Phase II
1192,249.95,1.93,5,9,57.17,8,2,0.701,Medium,No,-8.63,Preclinical
1193,304.9,0.13,0,6,85.79,5,3,0.251,Medium,No,-4.25,Phase II
1194,373.98,3.4,3,10,79.93,14,4,0.617,High,Yes,-6.01,Phase III
1195,230.53,0.02,4,5,97.68,4,2,0.996,Medium,No,-6.73,Phase III
1196,383.04,2.53,3,7,56.42,4,0,0.254,Medium,Yes,-7.14,Preclinical
1197,348.53,0.01,2,6,127.56,12,2,0.109,High,Yes,-8.49,Phase II
1198,391.44,2.12,1,5,117.47,2,4,0.186,Low,No,-6.49,Phase III
1199,366.79,4.47,0,2,79.1,1,3,0.597,Medium,Yes,-7.6,Preclinical
1200,452.31,2.93,2,8,83.51,5,1,0.937,Medium,No,-7.41,Phase I
1201,359.39,1.46,2,7,85.91,10,5,0.926,High,Yes,-6.16,Phase III
1202,317.79,2.46,4,6,66.65,0,1,0.711,High,Yes,-7.07,Preclinical
1203,359.17,2.52,3,5,76.7,14,1,0.72,Medium,Yes,-7.47,Phase III
1204,390.75,3.07,0,5,81.89,14,3,0.616,High,Yes,-5.35,Phase I
1205,353.66,0.86,2,9,138.39,13,1,0.681,Medium,Yes,-8.73,Preclinical
1206,353.04,3.21,4,1,118.4,6,4,0.576,Low,Yes,-9.98,Phase I
1207,297.35,-0.75,0,9,118.04,14,3,0.3,Low,Yes,-8.69,Preclinical
1208,300.28,1.74,3,6,101.1,4,1,0.928,Medium,Yes,-7.27,Preclinical
1209,244.8,1.91,2,4,56.48,3,5,0.834,Low,No,-6.46,Phase I
1210,481.22,3.26,5,10,88.76,8,0,0.306,Low,Yes,-8.62,Phase I
1211,256.71,2.53,2,7,119.11,9,3,0.662,Low,No,-1.97,Phase I
1212,298.03,0.81,2,9,52.25,0,3,0.865,High,Yes,-7.23,Preclinical
1213,296.12,1.32,0,5,109.1,10,2,0.605,Low,Yes,-7.27,Phase II
1214,417.12,2.74,0,5,159.68,14,1,0.449,High,Yes,-9.43,Phase I
1215,327.88,2.41,0,8,121.85,3,0,0.857,High,Yes,-9.66,Phase II
1216,443.58,1.81,0,7,132.42,2,5,0.564,Low,Yes,-10.17,Phase II
1217,299.49,1.92,4,8,96.55,5,4,0.343,Low,Yes,-5.44,Preclinical
1218,370.92,3.34,1,11,119.04,4,3,0.212,Medium,Yes,-5.68,Preclinical
1219,287.35,1.88,4,10,68.46,6,4,-0.233,Medium,No,-7.5,Phase III
1220,510.89,2.39,2,2,113.88,12,4,0.993,Low,Yes,-9.32,Phase II
1221,260.93,5.1,4,9,109.63,0,4,0.291,Low,No,-7.92,Preclinical
1222,373.24,0.79,3,3,98.7,12,2,0.741,Low,Yes,-5.37,Phase II
1223,397.53,0.28,5,6,129.48,4,4,0.27,Low,No,-8.26,Preclinical
1224,381.03,3.44,0,6,73.84,13,1,0.542,Low,Yes,-8.85,Preclinical
1225,336.1,1.69,3,2,84.39,1,1,0.612,Low,No,-8.07,Phase I
1226,340.26,2.12,5,7,92.86,1,0,0.19,Medium,Yes,-7.94,Preclinical
1227,353.29,1.56,3,9,59.11,10,0,0.739,High,Yes,-6.39,Phase III
1228,338.97,2.19,2,10,96.81,14,5,0.45,Medium,Yes,-10.81,Phase III
1229,422.29,4.42,0,11,38.43,10,4,0.638,High,Yes,-7.25,Phase I
1230,515.79,3.46,3,1,121.41,1,4,0.864,Medium,No,-8.55,Preclinical
1231,308.19,3.53,2,8,91.4,8,2,0.685,Medium,No,-8.3,Preclinical
1232,247.26,0.8,0,2,74.37,9,4,0.476,Low,No,-6.37,Preclinical
1233,343.38,1.12,1,1,64.97,2,4,0.986,Low,Yes,-9.45,Phase I
1234,543.48,-0.91,2,8,82.96,3,4,0.489,Medium,No,-7.23,Preclinical
1235,289.72,1.53,4,2,110.65,14,3,0.523,High,Yes,-6.78,Phase I
1236,472.93,3.65,0,6,106.43,4,3,0.459,Low,Yes,-6.63,Phase I
1237,475.83,3.12,3,6,68.83,13,2,0.194,Low,No,-6.44,Phase III
1238,308.48,2.23,5,5,64.62,3,2,0.166,Medium,Yes,-6.64,Phase III
1239,392.67,2.47,3,8,109.71,3,1,0.361,Low,Yes,-6.42,Phase I
1240,472.13,1.67,4,3,68.33,4,2,0.247,Low,Yes,-8.82,Phase I
1241,321.57,2.75,4,10,91.8,9,5,0.431,Medium,Yes,-5.45,Preclinical
1242,334.73,3.42,3,4,93.71,14,1,0.707,Medium,Yes,-9.28,Preclinical
1243,306.37,0.56,5,7,99.36,8,4,0.398,Medium,Yes,-6.94,Phase III
1244,273.89,2.86,0,7,115.75,11,2,0.555,High,No,-8.52,Phase II
1245,301.3,3.62,2,8,52.11,8,5,0.374,Medium,No,-10.08,Preclinical
1246,258.2,2.0,4,2,32.67,13,2,1.136,Medium,No,-8.36,Phase I
1247,352.56,3.34,4,11,72.98,13,2,0.877,Low,Yes,-7.68,Phase III
1248,292.25,5.88,4,2,144.05,5,1,0.438,Low,No,-5.42,Preclinical
1249,367.53,2.37,5,4,150.67,10,1,0.568,Medium,No,-4.77,Preclinical
1250,233.31,2.97,1,10,144.94,11,0,0.165,Low,Yes,-7.69,Phase III
1251,374.82,1.61,5,9,84.21,13,1,0.446,Low,Yes,-9.58,Phase I
1252,412.51,2.72,0,10,36.54,2,1,0.35,Low,Yes,-9.46,Phase I
1253,200.47,3.05,0,9,19.71,5,3,0.686,Low,Yes,-6.34,Preclinical
1254,378.05,2.73,0,4,71.58,9,2,0.267,Low,Yes,-6.44,Phase III
1255,442.08,1.28,0,9,84.06,3,1,0.914,Medium,Yes,-8.41,Phase II
1256,259.28,2.75,0,3,129.02,2,2,0.484,Low,Yes,-9.26,Phase I
1257,475.44,4.25,3,5,116.03,5,2,0.283,Low,Yes,-6.01,Preclinical
1258,381.43,3.04,4,10,96.82,14,3,0.508,Medium,Yes,-9.34,Phase I
1259,297.12,3.65,5,9,63.3,10,2,0.684,High,No,-8.17,Preclinical
1260,345.82,2.22,3,6,61.18,5,5,0.63,Low,No,-6.79,Preclinical
1261,391.87,3.4,5,3,97.62,1,1,0.539,Medium,Yes,-10.5,Preclinical
1262,355.7,2.84,1,10,110.91,8,2,0.719,Medium,Yes,-6.07,Preclinical
1263,390.41,1.36,2,9,101.76,7,0,0.704,Medium,Yes,-3.93,Phase III
1264,280.95,2.88,4,6,58.96,5,0,0.705,Low,Yes,-7.33,Preclinical
1265,362.7,1.31,1,4,109.52,0,3,0.431,High,Yes,-7.55,Phase I
1266,243.97,1.74,3,4,102.78,11,5,0.429,Medium,No,-7.43,Preclinical
1267,341.66,2.73,2,8,57.88,1,1,0.448,Medium,Yes,-7.16,Phase II
1268,282.21,2.86,1,7,66.47,14,3,0.376,Low,No,-8.59,Preclinical
1269,294.84,1.07,5,1,110.65,3,0,0.526,Medium,No,-9.19,Phase I
1270,442.71,3.76,2,6,82.96,6,5,0.499,Medium,Yes,-8.03,Phase II
1271,431.85,3.19,5,8,137.67,8,1,0.914,Low,Yes,-7.27,Phase III
1272,395.69,1.65,1,3,105.03,9,2,0.374,Low,Yes,-9.0,Phase II
1273,268.08,0.65,3,9,75.4,4,1,0.253,Medium,Yes,-9.52,Preclinical
1274,326.27,2.33,5,10,89.69,9,4,0.661,Low,Yes,-8.16,Preclinical
1275,440.98,1.96,2,2,91.9,1,1,0.518,Medium,No,-9.5,Phase II
1276,360.63,2.64,1,6,68.15,14,2,0.328,Low,No,-6.49,Preclinical
1277,523.95,2.06,5,1,62.62,12,4,0.696,Low,No,-12.66,Phase I
1278,379.5,0.09,3,11,111.04,10,5,0.43,Medium,Yes,-9.25,Phase III
1279,364.4,2.03,4,2,115.36,10,3,0.881,Low,Yes,-5.38,Phase II
1280,326.82,2.13,3,5,108.11,10,5,0.262,High,Yes,-7.83,Phase II
1281,360.02,3.26,3,1,135.46,0,1,0.355,High,Yes,-7.22,Phase III
1282,338.56,1.66,4,8,73.75,9,3,0.532,Medium,Yes,-7.69,Phase I
1283,403.11,4.51,3,1,140.23,13,1,0.839,Medium,Yes,-8.44,Phase II
1284,421.75,0.21,4,9,62.97,12,0,0.322,High,Yes,-5.86,Preclinical
1285,291.05,4.07,4,10,59.62,13,0,0.594,Low,No,-8.36,Phase III
1286,250.16,2.23,5,11,37.2,0,2,0.209,Medium,No,-8.74,Preclinical
1287,212.28,3.53,5,3,76.63,4,5,0.729,Low,Yes,-6.51,Phase I
1288,388.1,2.6,4,2,74.89,13,0,0.337,Low,No,-10.4,Preclinical
1289,267.25,3.87,1,1,105.78,6,4,0.655,Medium,Yes,-7.93,Preclinical
1290,188.53,2.04,2,9,97.32,8,4,0.668,Medium,Yes,-8.28,Phase I
1291,379.14,1.18,1,4,54.21,8,1,0.046,Low,No,-7.96,Preclinical
1292,536.97,4.2,4,1,78.22,7,3,0.552,Low,Yes,-8.23,Phase I
1293,349.54,2.36,2,1,78.86,0,4,0.374,Medium,No,-6.94,Phase I
1294,412.89,2.77,5,7,36.72,4,1,0.625,Low,No,-5.85,Phase I
1295,356.14,3.98,2,2,60.57,5,3,0.281,Medium,No,-6.81,Preclinical
1296,342.58,1.26,4,7,66.88,5,0,0.355,Medium,No,-8.01,Phase I
1297,418.93,3.21,5,7,133.01,3,1,0.8,Low,Yes,-6.55,Phase II
1298,328.23,1.79,2,10,95.74,0,3,0.78,Low,Yes,-6.38,Preclinical
1299,370.05,2.34,2,9,109.87,2,2,0.251,Medium,Yes,-6.96,Phase I
1300,374.13,2.59,1,7,45.04,9,5,0.949,Low,Yes,-5.93,Phase I
1301,299.89,0.7,2,1,125.83,14,5,-0.146,Low,Yes,-11.02,Phase III
1302,424.4,1.57,4,8,129.03,14,2,0.554,Low,No,-7.46,Phase II
1303,336.88,4.12,0,8,30.05,3,4,0.179,Low,Yes,-7.04,Preclinical
1304,293.32,3.56,0,4,68.84,3,5,0.593,Low,No,-9.72,Phase III
1305,390.24,2.42,0,8,104.87,12,3,0.435,Medium,No,-7.17,Phase II
1306,282.61,2.79,4,4,109.33,3,2,0.246,Medium,Yes,-6.13,Phase II
1307,352.11,2.15,0,8,69.65,13,4,0.316,Medium,Yes,-7.84,Phase I
1308,349.32,4.13,1,5,80.84,4,1,0.303,Medium,Yes,-6.52,Phase II
1309,431.44,2.26,4,4,72.08,12,1,0.519,Low,Yes,-5.97,Phase I
1310,385.6,2.78,5,6,93.31,14,3,0.744,Low,Yes,-5.49,Phase II
1311,348.12,3.88,4,2,125.92,14,3,0.99,Medium,Yes,-5.76,Phase III
1312,411.33,1.57,4,2,66.87,10,3,0.457,Medium,No,-5.45,Phase III
1313,454.27,4.37,2,2,120.02,8,5,0.575,Medium,Yes,-8.25,Phase I
1314,391.84,0.66,2,9,66.55,3,3,0.797,Medium,No,-8.09,Phase III
1315,350.78,4.46,2,10,64.57,8,2,0.388,Medium,No,-11.21,Preclinical
1316,251.61,2.05,3,3,114.56,8,2,0.304,Low,Yes,-9.1,Preclinical
1317,270.12,2.21,1,10,117.66,0,4,0.987,Medium,Yes,-5.67,Phase I
1318,327.11,0.23,4,4,115.54,4,2,0.455,Medium,No,-8.41,Phase II
1319,304.29,1.95,4,10,50.53,8,5,0.554,High,No,-6.9,Preclinical
1320,335.98,1.25,2,8,76.02,3,1,0.099,Medium,Yes,-7.14,Phase I
1321,354.25,1.77,4,4,114.69,4,4,0.369,Medium,Yes,-5.64,Preclinical
1322,389.73,2.34,5,11,91.25,3,2,0.972,Medium,Yes,-10.53,Phase I
1323,344.71,3.65,4,10,57.79,12,3,0.616,High,Yes,-6.97,Phase III
1324,386.49,2.75,0,10,103.75,1,2,0.493,High,Yes,-7.0,Phase II
1325,354.84,2.87,5,7,68.56,9,0,0.848,Medium,Yes,-8.79,Preclinical
1326,201.84,1.19,5,5,143.84,1,4,0.089,Medium,No,-6.06,Phase III
1327,279.55,1.44,4,9,136.35,1,5,0.396,Low,Yes,-9.6,Phase II
1328,339.19,4.66,3,4,108.12,12,2,1.069,Medium,Yes,-5.9,Phase II
1329,259.27,1.62,2,3,130.83,0,2,0.488,Medium,Yes,-10.73,Phase II
1330,394.99,4.49,1,2,91.94,2,5,0.486,Medium,No,-8.86,Phase III
1331,464.81,2.21,1,1,112.96,14,1,0.795,Low,Yes,-7.71,Phase II
1332,441.41,2.5,0,11,134.33,13,3,0.812,Medium,No,-7.17,Phase I
1333,333.99,3.78,1,6,97.36,10,3,0.175,Low,Yes,-10.3,Preclinical
1334,461.8,4.03,1,10,82.34,9,1,0.607,Medium,Yes,-5.94,Phase II
1335,361.15,2.37,2,2,38.86,0,1,0.939,Low,Yes,-6.37,Phase I
1336,324.72,2.03,2,8,87.51,3,0,0.339,Medium,No,-4.65,Phase I
1337,303.99,2.43,3,6,114.7,0,5,0.407,Low,Yes,-6.45,Preclinical
1338,327.31,2.91,0,5,118.37,3,4,0.507,Low,Yes,-8.6,Phase I
1339,320.89,3.57,1,2,105.13,2,3,0.674,Medium,No,-9.11,Phase I
1340,362.78,2.51,3,7,73.76,8,1,0.143,Low,No,-8.13,Phase II
1341,362.04,3.24,0,2,30.7,0,1,-0.278,Medium,Yes,-4.23,Phase II
1342,350.23,4.47,5,5,75.14,13,5,0.554,High,No,-7.43,Preclinical
1343,382.77,2.96,1,2,80.87,7,4,0.791,High,Yes,-7.36,Preclinical
1344,439.3,2.87,1,11,80.61,10,1,0.422,Low,Yes,-5.43,Preclinical
1345,421.22,0.68,2,10,108.56,8,0,0.347,Medium,Yes,-9.25,Preclinical
1346,238.63,-0.66,4,11,149.57,11,4,0.458,Low,Yes,-6.69,Preclinical
1347,158.46,2.97,0,11,93.71,6,0,0.899,High,Yes,-6.73,Phase II
1348,420.07,2.39,1,2,83.5,0,2,0.334,Medium,Yes,-6.06,Phase III
1349,247.48,1.88,0,7,82.22,3,3,0.643,Low,Yes,-6.22,Preclinical
1350,333.14,2.79,3,9,93.73,9,1,0.212,Low,Yes,-7.59,Phase I
1351,262.24,2.43,3,5,65.15,0,4,0.224,Low,Yes,-9.57,Phase II
1352,214.85,3.85,4,7,93.61,3,0,0.711,Medium,Yes,-8.35,Phase III
1353,390.61,2.6,1,4,103.52,14,3,0.909,Low,Yes,-6.24,Phase III
1354,406.94,1.6,2,2,96.29,2,3,0.722,Medium,Yes,-4.72,Preclinical
1355,306.76,3.69,1,3,103.73,1,1,-0.013,Medium,No,-9.33,Preclinical
1356,155.67,2.24,0,2,103.01,0,3,0.395,High,Yes,-9.43,Preclinical
1357,309.03,3.13,5,5,36.84,5,1,0.56,High,Yes,-9.86,Phase I
1358,379.39,1.93,3,6,109.11,11,2,0.515,Low,Yes,-8.65,Phase II
1359,239.08,1.72,0,7,69.87,6,1,0.02,Medium,No,-6.08,Preclinical
1360,363.75,2.6,4,3,57.12,5,5,0.176,Medium,Yes,-5.53,Phase III
1361,348.85,2.52,3,4,56.87,8,0,0.3,High,Yes,-10.62,Phase I
1362,393.45,3.08,2,8,103.01,11,5,0.483,Low,Yes,-9.31,Phase III
1363,358.97,2.18,3,4,83.32,8,3,0.016,Low,No,-9.59,Preclinical
1364,277.02,0.3,5,7,39.54,1,3,0.65,Low,Yes,-8.8,Preclinical
1365,439.74,1.98,1,6,104.34,14,3,0.477,Low,Yes,-7.83,Preclinical
1366,338.11,3.45,5,7,46.81,14,1,0.239,Low,Yes,-8.1,Preclinical
1367,347.95,2.14,5,1,94.19,1,4,0.548,Low,Yes,-6.73,Phase II
1368,280.0,2.2,1,3,97.15,8,1,0.14,Medium,Yes,-10.39,Preclinical
1369,316.75,3.68,3,6,116.57,0,0,0.487,Low,No,-8.28,Phase II
1370,283.64,1.65,4,3,143.45,4,1,0.05,Medium,Yes,-5.45,Preclinical
1371,337.03,0.65,1,7,49.06,0,3,0.086,Low,Yes,-5.39,Preclinical
1372,478.38,2.31,1,9,88.43,6,2,0.386,High,Yes,-5.0,Phase II
1373,247.11,1.92,2,3,81.71,8,0,0.321,High,Yes,-6.91,Phase III
1374,228.98,1.34,3,1,103.01,5,5,0.596,Medium,Yes,-8.48,Phase I
1375,460.34,2.29,1,10,96.47,13,2,0.495,High,Yes,-7.24,Phase III
1376,334.3,3.09,4,6,79.42,1,0,1.025,Low,No,-3.71,Phase I
1377,299.82,2.49,0,1,76.77,5,0,0.434,Medium,Yes,-8.3,Phase I
1378,427.99,2.87,3,1,56.51,8,3,-0.325,Low,Yes,-4.75,Phase II
1379,304.58,4.68,2,8,119.64,2,5,-0.009,Low,No,-11.16,Preclinical
1380,486.95,2.09,5,9,103.78,8,1,0.201,Low,Yes,-6.64,Preclinical
1381,400.84,2.83,1,2,117.53,7,5,1.346,Medium,No,-6.53,Phase II
1382,313.41,1.89,4,9,80.69,14,3,0.491,Low,Yes,-6.94,Preclinical
1383,511.8,1.48,3,5,70.29,12,3,0.777,Medium,Yes,-6.84,Preclinical
1384,304.57,1.8,4,8,57.65,11,3,0.752,Low,Yes,-6.72,Preclinical
1385,405.66,1.93,4,7,100.77,6,2,0.183,High,Yes,-6.65,Phase II
1386,372.45,2.93,5,7,58.81,7,5,0.052,Medium,Yes,-8.0,Phase II
1387,447.63,5.32,2,4,145.46,9,5,0.661,Low,No,-7.91,Phase I
1388,467.11,1.64,3,2,50.77,5,0,-0.055,Low,No,-9.54,Phase III
1389,352.4,2.0,1,5,98.21,2,4,0.744,Medium,Yes,-6.4,Phase I
1390,293.49,2.42,2,11,137.01,6,1,0.471,Low,No,-5.55,Phase II
1391,384.5,2.97,1,11,107.97,3,3,0.654,Medium,Yes,-4.88,Phase III
1392,299.17,2.82,0,3,95.27,10,5,0.576,Medium,No,-8.73,Phase II
1393,501.0,4.04,4,9,60.95,9,5,0.589,Low,Yes,-10.09,Phase I
1394,360.24,-0.41,0,6,48.55,13,0,0.526,Low,No,-6.94,Phase II
1395,322.6,-0.36,4,1,113.1,4,1,0.57,Low,Yes,-9.23,Phase I
1396,363.85,1.9,5,3,135.18,7,4,0.512,Low,No,-6.64,Phase I
1397,248.97,3.82,2,4,76.83,14,4,0.156,Low,No,-10.81,Preclinical
1398,277.13,0.62,1,9,55.83,6,3,0.402,Low,Yes,-5.87,Phase I
1399,440.03,-1.11,5,11,16.25,6,4,1.042,Low,Yes,-7.27,Preclinical
1400,300.73,3.19,1,6,60.58,7,4,0.579,Low,No,-10.38,Preclinical
1401,271.48,2.79,2,4,86.59,9,1,0.786,High,Yes,-7.04,Phase I
1402,390.25,1.19,3,1,137.97,2,1,0.254,Medium,Yes,-7.36,Phase III
1403,438.93,1.32,0,8,110.19,2,3,0.25,Medium,Yes,-6.72,Preclinical
1404,403.92,1.34,0,11,99.15,1,5,0.199,Low,No,-6.3,Preclinical
1405,424.7,2.63,1,2,78.0,14,0,0.167,Low,Yes,-11.12,Phase I
1406,293.24,1.75,1,11,72.51,0,3,0.094,Medium,Yes,-8.21,Phase II
1407,243.36,3.09,1,11,132.17,9,2,0.558,Medium,No,-7.63,Preclinical
1408,462.6,-0.93,2,8,96.02,5,4,0.411,Low,Yes,-7.94,Preclinical
1409,325.8,1.47,3,6,26.92,5,0,0.719,Low,Yes,-8.03,Phase I
1410,331.19,1.15,0,8,69.79,12,5,0.422,Medium,Yes,-5.92,Phase II
1411,449.61,2.19,5,6,64.25,9,5,-0.101,Medium,No,-10.1,Preclinical
1412,391.72,1.85,4,5,73.61,11,1,0.611,Low,Yes,-7.94,Preclinical
1413,384.19,3.46,2,5,106.89,7,2,-0.008,Medium,Yes,-7.82,Phase II
1414,512.38,0.27,0,10,86.78,13,5,0.554,Medium,No,-7.66,Preclinical
1415,301.74,2.55,3,10,87.69,5,2,0.307,High,Yes,-8.97,Preclinical
1416,419.59,3.17,2,11,129.4,5,4,0.558,Medium,No,-4.29,Phase I
1417,354.28,4.73,5,8,69.11,0,1,0.139,Low,Yes,-6.03,Phase III
1418,370.14,1.92,0,7,145.93,11,0,0.695,Medium,No,-4.18,Preclinical
1419,464.64,2.89,2,8,69.86,6,1,0.509,Medium,Yes,-6.54,Phase I
1420,388.09,0.34,0,8,92.68,6,4,0.414,Medium,No,-6.36,Preclinical
1421,390.37,-0.37,0,7,81.56,9,5,0.076,Medium,Yes,-7.51,Phase III
1422,430.44,3.51,3,2,93.7,8,2,0.953,High,Yes,-5.16,Preclinical
1423,322.63,2.49,4,11,103.34,13,4,0.273,Low,No,-6.65,Phase I
1424,287.06,3.91,3,9,103.02,14,5,0.566,Low,Yes,-7.79,Phase II
1425,271.64,0.85,0,7,67.41,11,3,0.263,Medium,No,-4.73,Phase III
1426,202.52,3.12,2,11,56.31,6,2,1.444,Low,Yes,-9.45,Phase II
1427,504.22,4.74,5,6,165.1,7,4,0.537,Low,Yes,-8.6,Preclinical
1428,267.26,3.0,3,9,75.48,3,0,0.346,Low,No,-3.28,Phase I
1429,333.41,2.83,4,1,110.98,8,0,0.651,Medium,Yes,-6.49,Preclinical
1430,329.24,2.51,0,11,41.77,14,5,0.688,Low,No,-11.45,Phase I
1431,373.06,0.61,5,2,81.61,13,5,0.599,Medium,Yes,-5.97,Phase II
1432,411.18,4.13,3,1,86.18,0,0,0.419,Low,Yes,-9.03,Phase II
1433,414.54,1.77,3,10,104.18,7,3,0.61,Low,No,-8.36,Phase I
1434,306.27,3.11,3,3,8.33,2,1,0.461,Low,Yes,-3.67,Phase II
1435,337.47,0.62,3,11,94.98,13,0,0.494,Low,Yes,-5.02,Phase III
1436,371.19,1.08,5,5,55.51,0,5,0.304,Medium,No,-4.5,Phase III
1437,331.35,4.22,2,1,99.73,1,5,0.134,High,Yes,-8.41,Phase II
1438,470.55,2.08,4,4,58.91,14,3,0.641,Medium,Yes,-7.94,Phase I
1439,386.82,4.24,4,8,64.34,5,0,0.652,Low,No,-7.17,Phase I
1440,405.12,2.41,0,6,81.79,4,3,0.824,Medium,No,-6.2,Preclinical
1441,399.72,0.29,1,1,58.43,13,0,0.512,Low,Yes,-8.01,Preclinical
1442,438.01,3.57,2,1,75.73,2,1,0.446,Low,Yes,-4.68,Phase I
1443,363.58,1.79,0,3,54.2,8,4,0.148,Medium,No,-6.76,Preclinical
1444,252.74,3.34,0,10,35.0,7,0,0.49,Medium,Yes,-5.26,Phase I
1445,379.98,2.53,3,8,120.54,12,4,0.59,Low,Yes,-8.67,Phase I
1446,301.15,0.65,1,11,51.12,2,0,0.045,Low,No,-8.13,Phase I
1447,310.35,2.7,1,11,84.64,1,1,0.767,High,Yes,-7.13,Preclinical
1448,393.98,5.14,2,8,112.59,7,5,0.322,Low,Yes,-8.19,Preclinical
1449,442.87,3.09,1,3,71.55,13,4,0.451,High,No,-5.93,Preclinical
1450,351.6,2.43,0,7,65.25,14,3,0.649,High,No,-5.9,Preclinical
1451,373.16,3.79,1,3,96.79,4,0,0.498,Medium,No,-7.86,Phase III
1452,477.67,2.75,1,4,123.54,14,5,0.851,Low,Yes,-6.51,Preclinical
1453,368.06,2.75,4,9,54.92,8,0,0.657,Medium,Yes,-4.44,Preclinical
1454,545.13,1.19,0,4,85.5,0,3,0.463,Low,No,-5.93,Preclinical
1455,392.41,2.78,5,3,38.03,9,1,-0.28,Low,Yes,-6.52,Phase I
1456,217.94,3.74,1,5,78.2,2,2,0.749,Medium,No,-5.56,Phase II
1457,406.5,1.5,1,7,91.03,4,0,0.205,Low,Yes,-4.98,Preclinical
1458,378.59,4.21,3,5,64.36,1,3,0.713,Low,No,-5.22,Phase III
1459,446.73,2.39,1,4,76.29,2,2,0.623,Medium,Yes,-7.61,Phase II
1460,400.49,1.43,1,8,47.75,3,0,0.45,Medium,Yes,-6.15,Preclinical
1461,339.62,3.7,4,4,92.31,3,4,0.738,Low,Yes,-7.95,Phase I
1462,258.18,2.16,0,2,121.67,10,5,0.63,Low,No,-7.58,Phase I
1463,334.32,3.41,2,10,57.09,8,5,0.582,Low,Yes,-6.78,Preclinical
1464,286.21,2.15,0,6,71.32,0,3,0.071,Low,Yes,-9.67,Phase II
1465,306.46,2.43,3,2,105.08,11,4,0.51,Medium,Yes,-6.95,Preclinical
1466,394.14,3.09,0,3,126.36,8,1,0.189,Medium,Yes,-8.54,Phase I
1467,475.24,2.85,1,1,45.2,14,2,0.226,Medium,No,-9.28,Phase I
1468,379.6,0.11,3,5,84.94,8,3,0.41,Low,Yes,-6.31,Phase I
1469,260.31,1.15,0,9,98.49,10,0,0.866,Low,Yes,-7.89,Phase III
1470,383.35,3.62,3,2,86.94,5,5,0.591,Low,Yes,-7.17,Preclinical
1471,439.75,2.34,2,7,15.7,10,0,0.608,Low,No,-7.85,Preclinical
1472,304.27,1.87,0,5,105.03,0,2,0.693,Low,No,-8.42,Phase I
1473,339.95,0.87,5,2,135.58,10,4,0.281,Low,Yes,-7.32,Preclinical
1474,351.1,1.2,1,8,93.5,12,4,0.106,Low,Yes,-9.54,Preclinical
1475,291.13,0.07,3,11,59.07,11,3,0.062,Medium,Yes,-7.64,Phase I
1476,398.62,2.38,5,6,74.61,5,3,0.558,Medium,No,-4.53,Preclinical
1477,340.93,1.78,5,4,143.1,7,4,0.747,Medium,Yes,-9.3,Preclinical
1478,381.46,1.34,4,4,117.3,4,3,0.728,Low,No,-5.36,Preclinical
1479,283.44,2.42,3,2,109.2,4,4,0.292,High,Yes,-4.37,Preclinical
1480,317.19,2.94,5,3,100.69,0,2,0.839,High,No,-8.68,Phase I
1481,404.18,5.01,4,7,70.17,0,3,1.011,Low,Yes,-7.01,Preclinical
1482,322.04,0.69,5,3,83.98,7,4,0.652,Medium,No,-9.45,Phase III
1483,479.52,3.89,1,5,87.66,12,3,0.872,Medium,Yes,-9.67,Preclinical
1484,320.03,3.67,2,10,106.49,4,0,0.718,Medium,Yes,-7.25,Phase II
1485,366.85,1.57,4,6,135.27,7,5,0.443,Low,No,-6.89,Phase II
1486,419.94,2.74,2,6,123.55,9,0,0.334,Low,Yes,-8.35,Preclinical
1487,243.62,1.95,3,4,47.42,1,1,0.097,Medium,Yes,-9.2,Phase II
1488,217.94,2.72,1,6,96.72,14,4,0.389,Low,No,-8.68,Phase II
1489,235.58,4.31,4,3,112.1,3,1,0.441,High,Yes,-6.16,Preclinical
1490,444.69,3.23,3,7,108.57,12,4,0.446,Medium,Yes,-6.15,Phase III
1491,308.61,3.11,5,7,71.12,10,5,0.472,Low,Yes,-6.54,Preclinical
1492,541.86,1.98,0,4,177.42,13,3,-0.073,Medium,Yes,-8.08,Preclinical
1493,307.68,0.72,3,2,51.69,9,4,0.695,Medium,No,-9.11,Phase II
1494,363.84,2.25,2,11,57.5,8,0,0.724,Low,Yes,-5.53,Preclinical
1495,465.66,3.95,1,7,97.01,12,3,0.593,Low,Yes,-5.04,Phase II
1496,500.46,0.67,1,3,153.5,2,5,0.208,High,Yes,-8.29,Phase III
1497,504.61,1.23,3,1,64.91,5,0,0.592,Medium,Yes,-7.74,Phase III
1498,440.63,2.65,5,2,82.03,10,3,0.506,Low,No,-9.7,Phase I
1499,426.8,1.32,0,10,122.32,6,4,0.619,Low,No,-6.7,Phase III
1500,394.44,1.55,2,9,89.46,2,4,0.888,Medium,Yes,-4.39,Phase I
1501,408.38,1.99,3,8,79.96,0,0,0.455,Medium,Yes,-6.08,Preclinical
1502,308.66,0.86,3,6,106.97,1,2,0.545,Low,No,-4.18,Phase I
1503,288.64,1.33,1,6,98.18,10,4,0.284,Medium,Yes,-8.09,Phase I
1504,349.75,3.34,2,1,120.91,13,2,0.73,Low,Yes,-9.46,Phase I
1505,337.24,0.93,0,2,128.74,9,3,0.676,Low,Yes,-5.24,Phase I
1506,316.01,0.58,1,4,99.21,6,2,0.554,Medium,Yes,-7.24,Phase I
1507,402.23,1.74,3,3,98.75,6,0,0.237,Low,No,-8.84,Phase I
1508,421.65,3.38,1,1,96.42,11,1,0.329,High,Yes,-4.69,Phase III
1509,356.63,2.26,1,8,104.67,0,1,0.042,Low,No,-8.41,Phase I
1510,460.81,1.94,4,7,91.66,9,0,0.326,Medium,Yes,-9.18,Preclinical
1511,264.37,2.55,1,4,89.98,6,1,0.677,Low,Yes,-6.6,Phase II
1512,335.48,0.41,5,9,125.9,14,0,0.599,Low,No,-9.45,Preclinical
1513,296.24,3.09,1,11,135.48,9,4,0.54,Medium,No,-5.97,Phase II
1514,210.01,2.96,5,4,44.77,10,2,0.871,Low,No,-9.23,Preclinical
1515,343.8,2.01,2,1,90.3,5,1,0.576,Medium,Yes,-7.12,Preclinical
1516,340.87,3.71,1,10,69.34,10,4,0.356,Medium,No,-7.02,Preclinical
1517,463.51,1.15,0,1,80.67,5,1,0.325,Medium,Yes,-7.1,Preclinical
1518,397.31,3.85,5,1,102.08,6,3,0.442,Medium,Yes,-9.43,Phase II
1519,273.19,2.69,5,1,110.08,6,0,0.387,Medium,Yes,-7.79,Preclinical
1520,489.06,2.1,3,4,86.64,0,0,0.738,Medium,Yes,-5.44,Phase III
1521,441.58,2.48,2,1,32.6,9,4,0.605,Medium,No,-7.8,Phase I
1522,393.66,2.37,1,2,61.05,4,3,0.42,High,No,-9.23,Preclinical
1523,333.01,3.96,0,4,116.89,14,2,0.43,Low,Yes,-8.17,Phase II
1524,278.04,1.21,3,7,7.79,13,3,0.676,Medium,Yes,-9.39,Phase I
1525,322.08,1.58,2,2,125.62,13,3,0.753,Low,No,-10.77,Phase II
1526,431.66,3.74,5,8,105.64,7,5,0.039,Low,Yes,-7.76,Phase I
1527,491.34,1.79,0,7,129.49,7,2,0.457,Low,Yes,-7.35,Preclinical
1528,465.74,3.58,1,9,84.04,2,2,0.523,Medium,Yes,-6.45,Phase II
1529,313.34,4.54,4,6,28.16,2,3,0.637,Medium,Yes,-6.8,Preclinical
1530,266.03,2.02,4,4,102.91,6,1,0.528,Medium,No,-6.58,Phase I
1531,360.57,3.32,2,6,128.24,14,5,0.602,Low,Yes,-7.56,Phase III
1532,217.37,1.12,0,4,117.74,3,1,0.441,Low,Yes,-4.31,Preclinical
1533,374.24,3.41,3,7,70.12,5,3,0.299,High,No,-8.76,Phase I
1534,338.93,2.74,0,9,92.6,8,1,0.696,Low,Yes,-7.98,Preclinical
1535,315.05,3.07,5,3,74.01,9,2,0.704,Low,No,-5.01,Preclinical
1536,230.4,1.73,4,3,65.42,1,2,0.663,Low,Yes,-8.08,Phase I
1537,388.52,0.51,2,2,118.66,1,1,0.707,Medium,No,-7.67,Phase I
1538,310.05,3.1,1,1,54.07,5,2,0.257,Low,Yes,-6.89,Phase I
1539,262.26,0.02,0,1,63.19,2,0,0.373,Low,Yes,-5.75,Preclinical
1540,134.58,2.12,4,3,56.88,0,2,0.78,Medium,Yes,-7.29,Phase II
1541,347.94,3.63,3,7,45.29,1,3,0.589,Low,Yes,-8.83,Preclinical
1542,482.92,2.73,2,11,94.39,13,4,0.514,Medium,No,-8.12,Preclinical
1543,474.59,4.84,1,9,124.85,12,1,0.437,Low,Yes,-6.69,Phase II
1544,315.72,3.73,0,2,84.45,6,5,0.817,Low,Yes,-7.94,Phase III
1545,304.83,1.72,3,7,44.83,3,1,0.057,Medium,Yes,-8.2,Phase I
1546,385.16,2.53,1,1,115.2,11,2,0.574,Medium,No,-8.9,Phase III
1547,275.12,2.44,5,2,140.57,1,2,0.483,Medium,No,-5.71,Preclinical
1548,372.63,0.6,4,6,70.61,10,4,0.187,Medium,Yes,-7.68,Preclinical
1549,407.46,1.37,5,11,75.64,11,4,0.904,Low,Yes,-7.67,Phase II
1550,442.02,1.83,4,5,105.47,11,5,-0.173,Low,Yes,-6.48,Phase III
1551,342.49,0.06,3,8,138.66,7,3,0.53,Low,Yes,-9.54,Preclinical
1552,334.72,2.56,5,11,74.4,3,0,0.632,High,Yes,-7.44,Preclinical
1553,284.15,2.2,4,2,50.03,3,3,0.256,High,Yes,-5.24,Preclinical
1554,287.98,0.49,2,1,108.94,1,5,0.569,High,No,-7.6,Preclinical
1555,333.01,2.99,3,7,113.97,13,1,0.444,Low,No,-7.17,Phase II
1556,377.55,3.36,4,6,90.18,0,2,0.747,Medium,Yes,-7.2,Phase I
1557,418.52,2.77,0,8,73.26,0,3,1.378,Medium,Yes,-5.91,Phase I
1558,289.76,2.11,4,11,119.83,2,2,0.585,Medium,No,-7.2,Phase I
1559,461.95,3.21,5,8,105.84,5,2,0.651,Medium,Yes,-3.8,Phase III
1560,329.67,3.32,2,2,66.95,6,3,0.256,Medium,Yes,-7.15,Preclinical
1561,348.4,2.87,1,8,91.47,12,3,0.554,Low,No,-8.15,Phase II
1562,293.96,1.51,1,6,49.45,8,4,0.407,Low,Yes,-5.23,Phase III
1563,168.18,2.83,4,9,110.58,4,5,0.695,Low,Yes,-7.82,Preclinical
1564,416.3,3.93,1,7,82.13,8,5,0.143,Low,Yes,-8.4,Phase II
1565,405.26,1.78,4,2,76.93,7,0,0.232,Low,Yes,-9.28,Phase II
1566,328.9,5.02,2,8,89.01,0,4,0.795,Low,Yes,-6.78,Preclinical
1567,355.02,1.87,1,9,91.21,10,0,0.552,Low,Yes,-8.19,Preclinical
1568,388.7,2.54,5,7,116.85,11,3,0.831,Medium,Yes,-8.67,Phase I
1569,232.81,1.69,5,4,107.73,2,5,0.591,High,No,-8.35,Phase I
1570,310.32,2.77,0,9,85.31,7,5,0.627,Medium,Yes,-8.04,Phase I
1571,409.57,0.41,4,4,112.91,8,0,0.423,Low,Yes,-6.25,Preclinical
1572,255.93,1.84,1,4,102.02,13,1,0.452,Low,Yes,-6.77,Phase II
1573,372.02,1.19,5,9,77.2,3,4,0.741,Low,Yes,-7.72,Preclinical
1574,248.26,2.66,2,8,86.26,13,4,0.464,High,No,-6.66,Preclinical
1575,384.98,3.69,2,4,85.55,13,4,0.796,Medium,Yes,-7.66,Preclinical
1576,347.33,3.28,0,8,105.16,13,5,0.473,Low,Yes,-7.19,Phase II
1577,228.87,-0.35,2,8,78.99,11,2,0.205,Medium,Yes,-8.5,Preclinical
1578,437.36,4.95,2,7,78.29,5,5,0.182,Low,Yes,-8.49,Preclinical
1579,294.91,2.85,1,10,149.06,3,2,0.457,High,Yes,-7.27,Preclinical
1580,289.23,1.57,4,6,118.19,12,5,0.729,Low,Yes,-7.27,Preclinical
1581,365.04,2.69,3,8,67.18,14,3,0.334,Low,Yes,-5.98,Preclinical
1582,436.15,2.71,2,7,107.13,8,5,0.683,Medium,No,-6.75,Phase I
1583,273.81,1.7,2,5,93.55,1,3,0.525,High,No,-8.24,Phase II
1584,354.63,2.74,3,4,101.75,5,2,0.652,High,No,-9.42,Phase II
1585,382.16,1.77,2,2,94.12,10,4,0.428,Medium,No,-6.18,Phase I
1586,401.98,2.01,1,11,125.69,12,2,0.546,Low,No,-7.0,Preclinical
1587,363.23,1.68,1,8,100.37,2,0,0.735,Low,No,-6.05,Phase III
1588,322.47,0.78,3,9,88.14,9,4,0.496,High,Yes,-6.81,Preclinical
1589,287.93,2.68,5,4,121.27,3,5,0.369,Medium,Yes,-4.79,Phase II
1590,356.46,3.2,2,4,97.0,1,5,0.046,Medium,No,-7.82,Phase III
1591,269.59,3.12,5,5,93.64,10,5,0.635,Low,Yes,-7.44,Phase II
1592,130.9,3.48,2,2,99.42,7,5,0.307,Medium,Yes,-6.31,Preclinical
1593,382.74,2.89,4,7,87.19,9,5,0.37,Low,Yes,-6.21,Preclinical
1594,417.8,1.86,2,5,90.28,7,2,0.232,Medium,Yes,-7.01,Preclinical
1595,172.78,3.51,1,6,72.4,0,3,0.442,High,Yes,-9.89,Phase I
1596,274.27,0.87,0,4,67.46,9,2,1.024,Medium,Yes,-10.15,Phase I
1597,396.44,1.42,0,8,60.04,5,1,0.588,Low,Yes,-8.08,Phase II
1598,504.31,1.34,0,8,48.24,0,2,0.339,Low,No,-7.47,Preclinical
1599,351.56,3.8,0,5,63.61,5,4,0.386,Low,No,-10.3,Phase II
1600,295.4,3.63,5,6,84.77,6,5,0.14,High,No,-7.54,Phase II
1601,336.28,3.08,5,3,93.09,14,2,0.217,Low,No,-6.52,Preclinical
1602,453.12,3.79,2,1,81.86,1,3,0.178,Medium,Yes,-7.59,Preclinical
1603,301.55,1.44,5,9,19.33,8,5,0.568,Medium,Yes,-7.06,Phase I
1604,290.06,2.92,2,9,137.24,7,0,0.612,Medium,Yes,-6.62,Phase I
1605,313.79,2.35,4,3,122.59,8,1,0.519,High,No,-9.9,Preclinical
1606,278.5,3.52,2,4,103.37,14,4,0.592,Medium,Yes,-6.52,Preclinical
1607,359.2,2.36,0,7,147.22,9,3,0.308,High,No,-8.6,Phase II
1608,471.85,2.04,3,2,60.68,12,1,0.213,Low,Yes,-7.86,Preclinical
1609,374.23,3.15,3,3,146.63,3,2,0.211,Medium,No,-8.49,Preclinical
1610,331.07,3.55,1,6,61.04,3,1,0.2,Medium,Yes,-5.89,Phase II
1611,328.11,1.7,1,11,97.16,11,5,0.59,Low,No,-9.26,Phase I
1612,232.76,2.43,2,8,51.78,7,5,1.003,Medium,Yes,-5.43,Phase I
1613,416.23,1.23,3,1,90.44,0,0,0.238,Medium,Yes,-3.91,Phase I
1614,344.16,-0.5,0,4,101.58,7,1,0.415,Medium,Yes,-9.83,Phase I
1615,336.46,2.74,5,1,85.36,6,1,0.551,Low,No,-8.38,Phase I
1616,589.48,3.23,0,2,111.42,11,5,0.43,Medium,Yes,-6.58,Phase III
1617,372.41,2.81,0,8,92.97,6,2,0.583,Low,No,-8.99,Preclinical
1618,293.62,0.16,2,6,74.33,8,2,0.356,Medium,No,-7.91,Preclinical
1619,318.02,2.08,2,9,73.0,14,4,0.33,Low,No,-7.24,Preclinical
1620,436.13,-0.16,4,2,114.33,12,2,0.454,Medium,Yes,-8.57,Phase II
1621,358.5,4.14,0,3,70.39,9,1,0.582,Low,Yes,-7.38,Phase I
1622,242.13,1.2,0,9,117.46,6,0,0.821,Low,Yes,-6.08,Preclinical
1623,418.94,4.01,2,9,126.68,14,2,0.594,Low,No,-7.62,Preclinical
1624,299.89,3.64,2,6,39.94,1,5,0.437,Low,No,-9.06,Preclinical
1625,490.5,1.42,4,3,123.99,0,5,0.708,Medium,No,-5.75,Preclinical
1626,431.0,1.14,4,5,151.81,0,4,0.75,Medium,Yes,-5.42,Phase III
1627,316.45,2.92,1,2,97.56,6,4,0.424,Low,Yes,-6.95,Phase II
1628,446.08,1.49,3,7,107.97,4,1,0.464,Low,No,-8.97,Preclinical
1629,355.09,2.62,0,10,121.11,3,2,0.393,Low,Yes,-8.82,Preclinical
1630,413.96,1.92,0,11,81.74,4,2,0.705,Medium,No,-11.05,Preclinical
1631,386.35,0.36,4,8,95.47,9,4,0.519,Low,Yes,-8.39,Phase II
1632,286.52,-0.18,4,6,50.57,9,2,0.149,Low,Yes,-5.9,Phase I
1633,301.73,2.77,1,8,94.16,5,1,0.602,Low,No,-8.53,Phase III
1634,427.25,1.83,3,2,104.94,11,0,0.872,Low,Yes,-8.93,Phase II
1635,324.89,1.84,1,3,105.48,14,5,0.892,Low,Yes,-5.97,Phase I
1636,319.73,3.34,3,7,121.96,9,1,0.38,Low,No,-5.77,Phase II
1637,278.37,3.91,5,10,66.76,5,2,0.326,Medium,No,-8.3,Phase II
1638,381.77,2.17,0,1,74.02,0,1,0.974,Medium,No,-6.74,Preclinical
1639,504.69,2.09,1,7,146.87,1,5,0.892,Low,No,-8.8,Phase I
1640,269.94,3.1,4,6,85.49,2,3,0.617,Medium,Yes,-8.01,Phase I
1641,351.82,0.87,1,8,96.0,3,5,0.072,Low,Yes,-10.23,Phase I
1642,455.92,2.77,5,7,87.99,5,5,0.348,High,Yes,-6.96,Preclinical
1643,344.03,3.16,1,4,65.35,11,3,0.227,Low,Yes,-7.65,Preclinical
1644,383.93,3.32,0,3,138.71,11,2,0.953,Medium,Yes,-8.51,Preclinical
1645,270.32,0.18,5,3,74.17,10,2,0.119,Medium,No,-7.64,Preclinical
1646,382.12,1.59,4,4,56.18,12,0,0.951,Low,Yes,-7.82,Phase III
1647,335.96,1.45,4,9,76.48,8,5,0.474,High,No,-8.74,Phase II
1648,423.93,2.62,2,9,29.95,11,1,0.201,Low,Yes,-6.9,Phase II
1649,439.05,3.08,5,2,70.46,1,0,0.747,Medium,Yes,-7.95,Phase I
1650,544.22,4.3,2,5,60.96,7,2,0.657,Low,Yes,-7.7,Phase II
1651,393.47,1.91,2,1,108.52,8,2,0.183,Low,No,-9.69,Phase III
1652,374.43,1.9,0,4,69.8,1,4,0.494,Medium,Yes,-7.69,Preclinical
1653,364.58,3.88,1,2,116.63,8,0,0.844,Low,Yes,-7.77,Phase II
1654,323.51,2.86,4,8,131.95,6,2,0.398,Low,No,-8.74,Preclinical
1655,375.39,4.02,4,4,113.44,8,3,0.92,Low,Yes,-6.7,Phase III
1656,327.84,2.85,1,5,83.54,5,4,0.314,Medium,Yes,-10.66,Phase III
1657,362.63,1.11,4,11,94.23,1,1,0.094,Low,No,-8.22,Phase III
1658,448.82,0.9,1,4,44.25,7,4,0.511,Low,Yes,-7.04,Preclinical
1659,274.51,0.64,5,5,85.99,9,5,0.135,Medium,Yes,-4.35,Preclinical
1660,435.49,3.29,0,5,64.19,14,5,0.531,Low,Yes,-9.55,Preclinical
1661,448.78,3.93,0,5,110.83,8,1,0.501,Low,Yes,-7.37,Phase I
1662,341.14,4.72,0,11,167.18,11,3,0.31,Low,Yes,-6.68,Phase I
1663,190.86,3.51,1,3,104.99,7,1,0.97,Low,Yes,-7.4,Preclinical
1664,304.41,3.9,1,7,30.27,1,0,0.499,Low,Yes,-9.35,Phase II
1665,447.27,1.8,3,3,79.16,14,1,0.716,High,Yes,-8.23,Preclinical
1666,348.28,1.11,4,2,93.67,7,1,0.732,Low,Yes,-11.16,Phase III
1667,275.05,3.52,4,3,92.62,2,4,0.94,Low,Yes,-7.49,Preclinical
1668,312.14,3.0,3,11,68.08,2,3,0.198,Low,Yes,-9.62,Preclinical
1669,413.05,2.63,3,3,97.36,8,1,0.061,Low,No,-6.82,Phase I
1670,391.01,2.96,0,8,52.72,12,0,0.931,Medium,Yes,-8.48,Phase I
1671,332.08,2.89,3,4,61.65,8,4,0.645,Low,No,-8.62,Preclinical
1672,322.49,4.04,1,3,109.37,14,3,0.532,Low,Yes,-7.25,Phase II
1673,320.62,4.05,2,10,59.53,8,3,0.467,Low,Yes,-7.11,Phase I
1674,280.82,3.15,1,5,106.15,3,2,0.422,Medium,Yes,-6.19,Phase III
1675,471.15,3.51,3,4,48.92,11,5,0.715,Low,No,-7.89,Phase III
1676,325.83,3.12,4,9,142.94,13,0,0.139,Low,Yes,-7.66,Phase I
1677,441.29,1.95,1,8,66.77,6,5,0.619,Medium,Yes,-9.58,Phase III
1678,464.1,3.41,4,11,83.29,12,4,0.758,Low,Yes,-5.33,Phase II
1679,424.87,0.83,1,7,99.92,7,4,0.686,Medium,Yes,-8.9,Phase III
1680,317.63,3.76,4,8,73.04,14,0,0.482,Medium,Yes,-6.41,Phase III
1681,380.28,1.07,5,5,94.3,14,3,0.499,Low,Yes,-6.4,Phase II
1682,348.19,2.84,1,4,107.26,12,1,0.821,Medium,Yes,-6.9,Phase I
1683,282.22,1.49,4,7,118.82,14,0,0.645,High,No,-7.86,Preclinical
1684,374.33,3.16,2,1,113.74,12,4,0.939,Medium,Yes,-8.04,Phase III
1685,261.57,2.46,0,6,84.85,4,5,0.064,High,Yes,-7.6,Phase II
1686,439.08,0.59,1,8,85.6,12,0,0.727,Low,Yes,-10.36,Preclinical
1687,315.15,3.0,2,7,160.47,14,3,0.297,Low,Yes,-7.54,Preclinical
1688,365.09,1.81,0,2,118.5,14,2,0.482,High,Yes,-5.27,Phase II
1689,371.25,3.56,1,7,62.35,0,2,0.844,Low,Yes,-7.84,Phase I
1690,330.58,2.5,2,6,93.0,14,1,0.249,High,Yes,-7.55,Preclinical
1691,394.0,2.97,2,5,79.95,8,1,1.029,Low,Yes,-9.04,Preclinical
1692,314.38,1.35,5,4,85.94,5,3,0.776,High,Yes,-7.22,Phase II
1693,415.35,1.79,2,1,53.12,2,5,0.645,Low,Yes,-8.67,Preclinical
1694,249.05,1.95,5,2,77.64,2,1,0.267,Low,Yes,-6.23,Phase I
1695,359.48,3.53,3,7,144.35,13,2,0.455,High,Yes,-5.79,Phase II
1696,495.42,4.51,4,10,107.37,13,3,0.41,Low,Yes,-5.46,Phase II
1697,274.98,1.53,0,3,15.27,9,3,0.192,Low,Yes,-9.67,Preclinical
1698,299.17,3.79,4,5,126.5,0,3,0.773,Low,No,-6.42,Preclinical
1699,388.54,-0.1,4,8,122.69,12,0,0.399,Medium,Yes,-6.53,Phase I
1700,363.47,1.07,5,8,79.22,7,5,0.456,High,Yes,-8.12,Phase II
1701,376.3,1.35,4,6,111.52,1,5,0.469,Low,No,-5.71,Preclinical
1702,386.69,0.88,2,5,64.22,11,1,0.446,Low,Yes,-6.88,Preclinical
1703,397.6,0.6,5,2,75.89,0,5,0.633,Low,No,-5.44,Phase III
1704,433.23,3.0,4,9,134.96,6,4,0.344,Medium,No,-9.4,Phase III
1705,380.74,2.24,5,1,81.85,13,2,0.755,Low,No,-8.57,Phase I
1706,331.91,2.96,3,11,33.91,10,1,0.351,Low,No,-7.36,Preclinical
1707,400.44,3.33,5,2,88.1,8,5,0.493,Low,Yes,-5.74,Preclinical
1708,492.49,2.82,1,1,87.64,5,2,0.173,Medium,Yes,-6.82,Preclinical
1709,340.05,3.29,2,4,125.95,7,1,0.768,High,No,-8.92,Preclinical
1710,276.91,2.42,0,4,90.43,7,4,0.831,Medium,Yes,-4.84,Phase I
1711,433.03,1.08,1,5,77.35,8,2,0.679,Low,No,-7.94,Phase I
1712,340.97,3.77,1,5,121.35,6,4,0.543,Medium,Yes,-8.87,Preclinical
1713,187.05,1.79,1,8,93.62,8,2,0.491,Medium,Yes,-8.66,Phase III
1714,413.56,1.38,4,11,67.5,14,0,0.109,Low,No,-9.5,Phase I
1715,309.85,2.29,5,11,124.65,8,0,0.161,Low,Yes,-10.87,Phase I
1716,343.21,1.4,5,3,95.81,11,2,0.688,Low,No,-7.67,Phase III
1717,374.9,2.0,4,6,90.09,10,2,0.455,Medium,Yes,-9.83,Phase I
1718,364.29,2.91,2,3,95.34,0,4,0.16,Medium,No,-7.03,Phase III
1719,403.21,2.92,4,2,57.88,5,5,0.149,Medium,No,-6.02,Preclinical
1720,317.34,1.42,4,8,74.17,11,3,0.659,Low,Yes,-6.94,Preclinical
1721,388.48,1.91,4,1,90.11,7,2,0.718,Low,Yes,-7.43,Phase I
1722,330.53,3.79,2,9,84.16,9,1,0.117,High,Yes,-9.81,Phase I
1723,405.41,3.1,2,11,128.17,8,1,0.538,Low,No,-6.23,Preclinical
1724,396.15,4.99,3,7,96.52,14,1,0.597,High,No,-4.58,Phase II
1725,279.84,3.92,3,10,115.65,3,0,0.354,Medium,Yes,-5.39,Preclinical
1726,431.45,3.87,3,11,90.28,12,5,0.81,Low,Yes,-9.5,Phase II
1727,309.8,0.83,3,4,121.69,1,4,0.414,Low,No,-7.62,Phase I
1728,410.6,3.42,5,3,101.93,10,5,0.071,High,No,-7.92,Phase II
1729,377.55,2.44,1,6,90.4,8,0,0.451,Low,Yes,-8.1,Phase I
1730,487.86,1.84,1,9,89.6,8,5,0.842,High,Yes,-7.46,Phase III
1731,333.24,2.7,3,9,61.37,11,5,0.414,Low,No,-4.25,Preclinical
1732,323.8,3.63,3,4,105.21,7,1,0.238,Medium,Yes,-7.34,Phase III
1733,348.54,3.1,0,10,88.79,2,2,0.657,Medium,No,-8.17,Preclinical
1734,327.26,1.45,1,5,74.94,4,1,0.565,High,Yes,-7.05,Phase II
1735,410.0,3.39,0,11,123.19,1,5,0.499,Low,No,-9.47,Phase I
1736,228.78,1.73,0,9,52.49,13,2,0.619,Medium,Yes,-8.57,Phase II
1737,270.97,2.76,4,2,77.33,2,4,0.327,Low,No,-6.02,Phase II
1738,269.91,2.14,5,2,120.83,0,3,0.35,Low,Yes,-7.22,Phase II
1739,421.27,2.24,2,5,99.47,3,2,0.682,Low,Yes,-4.35,Preclinical
1740,478.3,3.42,1,1,88.56,4,0,0.258,Low,Yes,-7.1,Phase II
1741,342.17,1.25,3,8,97.53,11,1,0.904,Low,No,-9.37,Preclinical
1742,337.34,4.83,3,5,95.38,1,1,0.807,Low,Yes,-9.88,Preclinical
1743,355.25,0.31,2,10,44.5,14,5,0.214,High,Yes,-6.0,Preclinical
1744,437.14,1.78,1,2,79.52,14,5,0.869,Medium,Yes,-9.06,Phase I
1745,280.45,2.94,3,9,138.5,2,5,0.538,Low,Yes,-9.2,Phase II
1746,367.88,3.2,3,2,70.22,11,5,0.846,High,Yes,-8.27,Preclinical
1747,423.14,2.38,4,7,80.45,5,1,0.533,Low,Yes,-6.01,Preclinical
1748,387.58,2.43,0,8,73.75,5,2,0.456,Low,Yes,-8.05,Phase I
1749,364.22,2.99,3,6,87.39,14,4,0.43,Medium,No,-8.76,Phase III
1750,425.08,2.22,5,11,72.51,6,2,-0.112,Low,No,-5.68,Phase I
1751,147.26,4.17,1,7,104.6,11,0,0.732,Medium,No,-5.94,Phase II
1752,400.84,3.51,5,11,95.92,8,1,0.323,Low,Yes,-5.0,Phase I
1753,300.94,3.55,2,1,113.21,3,2,0.74,Low,No,-5.47,Phase II
1754,212.7,1.34,4,4,58.47,4,1,0.918,Low,Yes,-5.91,Phase III
1755,388.34,2.4,1,7,79.79,10,0,0.356,High,Yes,-8.63,Phase I
1756,453.02,2.14,4,1,83.23,1,3,0.341,Medium,Yes,-6.51,Phase I
1757,339.69,1.29,0,1,103.67,5,3,0.752,Medium,Yes,-5.68,Phase III
1758,421.47,2.93,3,11,66.2,3,3,0.383,Medium,Yes,-4.72,Phase III
1759,470.92,1.85,1,6,117.47,4,1,0.829,Low,Yes,-7.24,Preclinical
1760,448.62,3.29,2,4,125.59,6,2,0.327,Medium,Yes,-8.24,Phase I
1761,473.0,1.22,0,3,60.33,5,1,0.86,Low,Yes,-8.83,Phase II
1762,405.66,4.56,0,5,75.27,7,4,0.424,Low,Yes,-6.03,Phase I
1763,355.66,1.42,4,9,74.04,5,2,0.583,Medium,Yes,-8.5,Phase I
1764,229.85,2.76,0,10,168.97,9,0,0.746,Low,Yes,-7.34,Phase II
1765,331.55,3.45,1,10,77.1,13,5,0.628,Low,Yes,-8.82,Preclinical
1766,286.76,1.82,4,11,140.33,7,3,0.768,Medium,Yes,-7.74,Preclinical
1767,512.82,3.52,0,10,52.0,12,2,0.136,Medium,Yes,-6.84,Phase III
1768,336.81,1.02,2,3,60.31,13,2,0.398,Medium,Yes,-7.1,Phase I
1769,359.24,4.24,5,5,69.4,13,3,0.516,Low,No,-6.39,Phase III
1770,391.36,2.52,1,10,64.63,3,0,0.309,Low,Yes,-9.56,Phase II
1771,353.27,1.78,2,5,81.96,11,1,0.743,Medium,Yes,-7.67,Phase II
1772,477.13,2.14,2,9,68.74,6,1,0.372,Medium,No,-8.21,Phase II
1773,303.3,3.47,4,11,65.42,2,5,0.309,Medium,Yes,-8.97,Preclinical
1774,364.6,1.8,3,10,124.75,0,2,0.735,High,Yes,-8.62,Phase I
1775,294.31,1.6,4,11,126.71,12,3,0.239,High,Yes,-8.84,Phase I
1776,251.0,2.23,1,4,118.48,8,4,0.251,Low,Yes,-6.98,Phase I
1777,304.12,1.09,1,1,105.72,8,0,0.627,Medium,Yes,-6.9,Preclinical
1778,347.22,4.68,4,10,92.78,5,1,0.836,Medium,No,-6.19,Preclinical
1779,317.8,1.82,3,5,75.09,14,0,0.54,Medium,Yes,-7.01,Preclinical
1780,298.07,3.5,4,1,61.41,1,0,0.096,Low,Yes,-7.26,Phase I
1781,244.53,2.75,1,6,100.89,7,5,0.671,Medium,Yes,-7.38,Phase III
1782,343.77,1.32,3,10,54.79,9,0,0.352,High,No,-6.49,Phase III
1783,237.15,2.49,1,10,60.18,5,3,0.78,Medium,No,-10.66,Preclinical
1784,407.0,3.44,3,7,124.59,6,5,0.405,Medium,Yes,-7.59,Preclinical
1785,356.18,2.27,3,1,147.02,12,3,0.786,Low,Yes,-7.02,Preclinical
1786,240.68,3.93,4,10,101.8,0,5,0.396,Low,Yes,-4.82,Preclinical
1787,326.81,3.73,4,4,123.19,2,3,0.328,Low,Yes,-9.17,Phase II
1788,293.59,3.6,4,9,82.62,14,5,0.021,Low,Yes,-9.22,Phase III
1789,373.94,1.95,3,1,49.87,0,5,0.335,Medium,Yes,-10.91,Preclinical
1790,450.53,1.2,3,9,108.37,9,2,0.544,Low,No,-9.59,Preclinical
1791,209.36,1.76,1,8,107.08,0,3,0.525,Medium,Yes,-7.73,Preclinical
1792,358.63,2.74,2,5,92.15,11,2,0.653,Low,Yes,-8.59,Preclinical
1793,337.99,3.15,4,6,82.73,11,5,0.811,Low,Yes,-8.62,Phase II
1794,400.35,-0.11,5,7,118.87,10,1,0.507,Low,Yes,-7.47,Phase I
1795,365.99,2.49,1,4,60.43,12,5,0.517,High,Yes,-6.63,Phase II
1796,293.6,2.69,1,6,66.79,0,1,0.778,Low,No,-7.48,Phase I
1797,326.07,2.17,0,7,59.76,3,1,0.558,Low,Yes,-7.46,Preclinical
1798,290.3,4.05,4,11,92.55,12,1,0.269,Medium,No,-6.89,Preclinical
1799,430.7,3.01,1,6,57.36,6,1,0.369,High,Yes,-10.25,Preclinical
1800,351.6,4.07,0,11,69.47,6,3,-0.032,Medium,Yes,-7.31,Phase II
1801,492.59,2.24,5,6,68.83,11,4,0.266,Low,Yes,-7.61,Phase II
1802,345.45,3.62,5,2,82.18,12,3,0.077,Low,No,-7.51,Phase II
1803,296.87,4.46,4,5,45.38,4,4,0.588,High,Yes,-8.38,Preclinical
1804,236.47,4.07,3,3,92.62,11,3,0.803,Medium,Yes,-7.81,Phase II
1805,214.76,1.19,0,7,127.42,5,1,0.265,Medium,Yes,-6.9,Preclinical
1806,231.19,2.2,3,4,94.06,1,0,0.274,Low,No,-5.09,Preclinical
1807,370.03,2.09,5,1,136.24,4,5,0.736,Low,Yes,-10.04,Phase I
1808,388.15,3.09,5,6,130.02,6,4,0.387,Low,Yes,-6.64,Phase I
1809,231.41,3.32,2,6,113.33,13,0,0.564,Medium,Yes,-5.67,Phase II
1810,417.13,1.49,2,7,92.24,8,1,0.686,Low,Yes,-9.41,Phase II
1811,313.77,2.58,2,11,90.68,5,4,0.323,High,Yes,-7.77,Preclinical
1812,361.01,0.08,2,8,112.91,11,0,0.328,Low,Yes,-7.09,Preclinical
1813,470.92,4.23,1,3,78.25,13,3,0.373,Medium,No,-4.49,Preclinical
1814,417.26,1.89,2,6,33.52,9,1,0.112,Low,Yes,-4.24,Preclinical
1815,329.86,2.57,1,10,104.76,3,3,0.622,Medium,No,-9.41,Preclinical
1816,283.16,2.13,1,2,56.07,2,3,0.65,Low,No,-7.95,Phase II
1817,188.61,3.88,4,9,61.14,8,1,0.52,Medium,Yes,-7.2,Preclinical
1818,296.06,-0.91,1,2,90.01,6,4,0.84,Medium,Yes,-6.67,Phase II
1819,334.17,2.48,1,3,87.15,10,5,0.435,Low,No,-7.2,Phase I
1820,275.96,2.37,2,10,47.64,13,2,0.654,Medium,Yes,-8.92,Preclinical
1821,340.16,1.96,1,2,94.96,12,2,0.621,Medium,Yes,-8.99,Phase I
1822,355.76,4.57,3,9,118.98,5,5,0.3,High,No,-9.81,Phase II
1823,333.14,1.44,2,1,56.15,6,1,0.789,High,Yes,-10.53,Phase I
1824,301.25,3.43,0,5,128.17,14,2,0.532,High,No,-9.85,Preclinical
1825,362.65,2.93,2,1,43.19,7,5,0.744,Low,Yes,-5.76,Phase III
1826,383.15,4.01,1,5,153.52,4,0,0.175,Low,Yes,-6.43,Preclinical
1827,268.22,1.7,3,8,77.66,2,5,0.527,High,Yes,-6.67,Phase III
1828,455.82,1.62,2,8,94.37,2,4,0.385,Low,No,-7.83,Preclinical
1829,342.61,3.82,3,11,33.24,12,5,0.287,Low,Yes,-7.56,Phase II
1830,351.41,3.01,0,8,88.14,1,3,0.852,Medium,Yes,-7.9,Phase I
1831,403.12,0.65,5,2,96.85,7,3,0.549,Low,No,-9.88,Phase I
1832,367.49,1.85,0,8,87.42,0,1,0.131,Medium,No,-6.53,Preclinical
1833,421.49,2.96,5,5,73.11,11,3,0.376,Medium,No,-6.22,Preclinical
1834,371.53,3.51,4,1,61.6,7,0,0.735,Medium,Yes,-9.23,Phase II
1835,304.07,1.68,5,7,123.92,2,5,0.287,Low,No,-9.23,Phase III
1836,377.11,-1.0,4,6,90.92,8,0,0.261,Low,Yes,-6.97,Phase I
1837,264.22,3.13,2,5,136.22,11,1,0.463,Low,Yes,-6.99,Preclinical
1838,358.14,1.04,4,1,74.21,13,3,0.617,Low,No,-6.4,Preclinical
1839,347.51,0.08,3,1,76.96,11,2,0.318,Low,Yes,-5.38,Phase II
1840,334.39,-0.9,4,6,114.47,10,5,0.598,Low,Yes,-9.09,Preclinical
1841,340.36,3.48,3,10,41.31,1,2,0.509,Medium,Yes,-7.62,Preclinical
1842,208.86,2.65,5,7,53.6,9,4,0.539,Medium,No,-9.0,Phase II
1843,308.85,2.23,5,10,122.92,8,1,-0.101,Medium,Yes,-8.89,Phase I
1844,356.96,4.17,5,10,54.84,5,4,0.504,Medium,Yes,-8.14,Preclinical
1845,361.99,3.26,4,1,35.43,0,2,0.437,Low,Yes,-5.34,Preclinical
1846,272.92,4.44,5,9,146.06,4,2,0.598,Medium,Yes,-5.84,Phase II
1847,444.93,0.83,4,4,48.19,9,2,0.337,Medium,No,-7.61,Preclinical
1848,285.04,2.46,4,5,95.52,8,4,0.407,Low,Yes,-10.73,Phase III
1849,422.71,0.56,1,2,92.07,12,1,0.633,Medium,No,-6.91,Preclinical
1850,382.04,2.22,1,10,5.68,5,5,0.861,Low,No,-6.95,Preclinical
1851,301.53,2.2,4,8,81.98,6,5,0.169,Low,Yes,-8.9,Phase II
1852,483.15,3.25,3,2,103.45,3,0,0.628,High,Yes,-6.25,Phase I
1853,260.48,2.55,2,3,100.63,0,0,0.805,High,Yes,-8.93,Preclinical
1854,418.94,3.25,0,9,117.11,4,2,0.674,Medium,No,-6.26,Phase I
1855,425.04,3.34,1,2,78.38,1,1,0.788,Medium,Yes,-7.14,Preclinical
1856,299.7,5.09,4,6,111.38,7,1,0.364,High,Yes,-9.69,Phase II
1857,454.43,2.12,0,4,69.32,3,3,0.809,High,Yes,-8.04,Preclinical
1858,331.25,1.37,1,7,47.69,0,3,0.319,Low,Yes,-7.28,Phase II
1859,371.65,2.8,2,6,51.07,9,4,0.514,Medium,No,-7.05,Phase I
1860,369.52,1.54,3,10,46.14,6,3,0.374,Low,No,-5.95,Phase II
1861,339.93,4.28,4,9,120.29,11,5,0.384,Low,Yes,-5.76,Phase II
1862,410.81,2.16,2,9,44.56,10,5,0.07,Low,No,-7.86,Phase I
1863,409.51,1.82,1,10,98.22,1,4,0.007,Medium,No,-6.66,Phase I
1864,218.86,1.93,4,4,82.02,2,0,0.794,Medium,Yes,-5.09,Preclinical
1865,447.83,3.36,0,1,86.92,13,2,0.05,High,Yes,-9.03,Preclinical
1866,225.31,2.31,5,2,130.91,8,1,0.563,Low,No,-8.41,Phase II
1867,427.44,1.73,3,8,76.85,14,0,0.175,Medium,No,-9.98,Phase II
1868,434.5,4.5,1,10,108.35,12,5,0.288,Low,Yes,-8.45,Preclinical
1869,268.18,1.47,3,8,91.13,8,0,0.671,Low,Yes,-7.19,Phase III
1870,319.19,2.54,4,2,85.44,1,4,0.541,High,No,-10.67,Phase I
1871,267.07,3.28,5,4,159.0,2,2,0.468,Low,Yes,-6.84,Phase I
1872,333.88,0.54,2,1,46.76,10,5,0.786,Medium,No,-8.21,Preclinical
1873,326.9,3.08,3,7,128.67,11,4,0.428,Low,No,-7.59,Preclinical
1874,408.47,1.23,0,4,109.69,8,0,0.807,Low,No,-9.25,Phase I
1875,448.27,3.49,1,11,75.61,0,1,0.233,Medium,No,-7.65,Preclinical
1876,454.68,1.34,0,8,138.88,1,3,0.203,Low,Yes,-4.98,Phase I
1877,307.84,3.33,3,9,34.56,10,4,0.465,Low,No,-8.1,Phase III
1878,334.31,3.83,5,9,74.35,1,5,0.501,Low,Yes,-10.82,Phase II
1879,223.74,3.53,2,3,53.75,9,0,0.285,Medium,No,-5.68,Phase I
1880,289.56,2.8,2,5,102.36,13,3,0.431,High,Yes,-6.69,Phase I
1881,422.36,2.22,0,6,56.61,2,3,0.841,Medium,Yes,-7.36,Preclinical
1882,471.17,1.81,4,6,102.99,9,0,0.401,High,Yes,-6.65,Phase III
1883,257.42,4.27,4,10,84.41,2,2,0.016,Medium,No,-7.38,Phase III
1884,305.57,1.66,5,8,75.62,9,0,0.064,High,Yes,-5.04,Phase II
1885,348.02,1.26,2,6,101.66,12,5,1.022,Medium,Yes,-6.37,Preclinical
1886,371.01,3.3,0,6,81.94,1,1,0.863,Medium,No,-8.18,Preclinical
1887,289.28,1.54,0,4,57.34,7,5,0.391,Low,No,-5.26,Preclinical
1888,381.8,1.36,0,7,174.04,7,3,0.703,Medium,Yes,-4.77,Phase I
1889,314.46,0.77,3,8,75.38,7,1,0.565,Low,Yes,-6.13,Preclinical
1890,348.92,1.92,5,3,23.47,1,4,0.818,Low,Yes,-6.89,Phase II
1891,390.97,2.4,4,7,64.74,14,3,0.232,High,No,-8.78,Phase I
1892,350.48,2.79,4,3,51.98,12,2,0.239,Low,No,-6.47,Preclinical
1893,317.27,3.64,3,8,114.78,8,0,0.83,High,No,-6.92,Phase II
1894,341.78,3.13,1,1,99.65,10,4,0.127,Medium,Yes,-7.54,Preclinical
1895,343.37,2.27,3,1,101.96,6,5,0.517,Low,Yes,-6.45,Phase II
1896,322.25,2.26,5,6,78.9,11,1,0.489,Medium,No,-7.37,Preclinical
1897,330.59,3.11,0,10,81.62,4,4,0.696,Medium,Yes,-6.68,Preclinical
1898,469.9,4.03,3,9,78.87,6,2,0.535,Low,Yes,-5.95,Preclinical
1899,392.07,2.65,0,4,87.56,7,0,0.467,Medium,Yes,-9.5,Phase III
1900,327.84,1.94,5,6,115.06,8,4,0.405,Medium,No,-9.04,Phase I
1901,402.27,1.31,5,5,100.08,1,5,0.251,Low,No,-8.87,Phase I
1902,324.96,0.77,2,1,105.0,5,1,0.458,Low,Yes,-4.59,Preclinical
1903,437.98,3.3,0,6,104.99,8,4,0.791,Low,No,-6.55,Phase II
1904,377.72,3.19,4,9,116.53,12,0,0.429,Low,Yes,-6.41,Preclinical
1905,341.95,3.19,3,3,98.64,5,5,0.852,Low,Yes,-5.81,Phase III
1906,383.58,2.35,5,11,100.77,1,4,0.683,Medium,Yes,-9.07,Phase III
1907,232.18,4.19,0,3,125.66,0,1,0.619,Low,Yes,-10.56,Phase II
1908,265.49,1.92,1,2,70.05,11,0,0.46,High,Yes,-7.59,Phase III
1909,260.46,3.65,2,4,64.33,2,2,0.343,Low,No,-6.15,Preclinical
1910,360.72,2.45,1,10,54.42,10,2,0.92,Low,Yes,-7.8,Preclinical
1911,479.94,1.77,5,3,95.49,4,3,0.698,Medium,Yes,-9.55,Preclinical
1912,517.35,3.21,1,2,34.39,6,4,0.465,High,Yes,-8.86,Preclinical
1913,397.85,2.99,1,1,103.86,9,1,0.925,Medium,Yes,-9.27,Phase III
1914,387.56,2.93,2,3,86.72,9,4,0.657,Low,Yes,-8.42,Preclinical
1915,214.92,2.6,2,10,124.04,2,0,0.145,High,Yes,-9.24,Phase III
1916,309.3,2.45,2,6,69.84,8,3,0.393,Low,No,-7.28,Phase II
1917,290.92,5.37,2,9,83.9,9,1,0.682,Low,No,-8.32,Preclinical
1918,303.44,3.92,1,11,123.67,11,4,0.877,Low,No,-6.55,Preclinical
1919,337.39,3.37,4,5,131.49,3,1,1.09,Medium,Yes,-8.96,Preclinical
1920,314.59,2.63,4,3,69.6,9,0,0.506,Low,No,-7.12,Preclinical
1921,201.55,3.71,2,5,95.45,1,3,0.654,Medium,Yes,-7.56,Phase I
1922,406.09,3.12,3,5,98.83,2,1,0.347,Medium,Yes,-6.91,Phase I
1923,269.54,2.53,0,5,101.21,4,0,0.278,High,Yes,-6.69,Phase I
1924,367.94,2.14,5,7,82.12,2,2,0.079,Low,Yes,-6.53,Phase II
1925,505.56,2.4,3,5,128.44,4,1,0.597,Low,No,-6.25,Preclinical
1926,281.05,-1.3,5,7,33.31,3,3,0.816,Low,Yes,-6.69,Preclinical
1927,160.23,2.75,3,9,77.37,12,5,0.694,Low,Yes,-7.05,Phase II
1928,328.55,1.91,3,5,103.44,10,5,0.522,Medium,Yes,-8.5,Preclinical
1929,432.57,4.41,4,2,103.72,9,1,0.806,Medium,No,-6.22,Preclinical
1930,496.88,2.52,0,5,130.58,12,1,1.238,Medium,No,-8.55,Phase II
1931,257.78,1.07,3,8,125.95,2,0,0.292,Medium,Yes,-7.94,Phase III
1932,387.25,2.44,2,4,81.43,11,4,-0.106,High,No,-8.79,Phase III
1933,315.1,1.24,5,2,129.0,5,5,0.586,Low,No,-8.82,Preclinical
1934,342.05,3.07,4,10,68.58,7,4,0.771,High,Yes,-7.98,Phase I
1935,548.33,2.85,5,3,117.93,12,5,0.113,Low,Yes,-7.85,Preclinical
1936,237.28,3.65,2,9,144.32,11,1,0.708,Medium,Yes,-8.72,Phase III
1937,369.03,1.55,2,9,126.45,3,3,0.416,Medium,Yes,-7.47,Preclinical
1938,385.08,2.54,3,8,93.17,8,3,0.584,Medium,No,-7.26,Preclinical
1939,431.43,0.86,2,8,80.05,5,5,0.27,Low,Yes,-8.32,Phase III
1940,357.35,3.34,0,8,44.14,4,5,0.255,Medium,Yes,-4.07,Phase III
1941,373.1,3.12,2,8,99.32,2,0,0.224,High,No,-7.0,Phase II
1942,320.63,3.09,3,8,56.54,4,1,0.667,Medium,Yes,-7.32,Preclinical
1943,370.18,2.5,5,1,66.21,4,1,0.344,Medium,Yes,-8.51,Phase I
1944,324.26,3.0,2,6,54.28,13,4,0.567,Low,Yes,-7.29,Phase II
1945,396.62,4.43,4,9,76.19,14,0,0.507,Low,Yes,-7.14,Phase I
1946,322.28,2.16,4,8,89.16,11,2,0.205,High,Yes,-7.51,Preclinical
1947,378.28,2.67,4,3,98.21,11,3,0.519,Medium,No,-5.37,Preclinical
1948,347.81,1.2,5,11,71.98,3,3,0.559,Medium,Yes,-10.05,Phase III
1949,434.45,1.46,1,1,122.08,11,1,0.766,Low,No,-8.07,Phase I
1950,346.15,2.62,4,2,83.75,5,0,0.874,Low,Yes,-6.43,Phase II
1951,217.02,3.82,4,11,66.37,2,2,0.245,Low,Yes,-8.84,Preclinical
1952,444.64,2.19,1,2,96.79,9,3,0.589,Low,No,-9.82,Phase I
1953,282.07,2.22,5,7,148.91,0,0,-0.054,Low,Yes,-8.28,Phase III
1954,300.97,2.01,4,6,100.05,6,2,0.713,Low,No,-5.93,Preclinical
1955,305.33,1.86,3,11,79.11,6,5,0.774,Medium,No,-8.81,Phase II
1956,453.08,2.85,5,2,44.18,11,1,-0.168,Medium,Yes,-8.03,Preclinical
1957,189.82,0.7,4,8,83.42,3,4,0.415,Low,Yes,-6.87,Preclinical
1958,585.33,4.04,4,9,97.05,8,3,0.276,Medium,No,-8.37,Phase II
1959,429.2,1.7,1,7,78.37,11,3,0.415,High,No,-8.16,Phase II
1960,366.74,3.37,3,4,40.04,1,2,0.365,Low,Yes,-8.48,Phase II
1961,345.88,0.98,5,1,64.48,14,4,0.489,High,Yes,-8.35,Preclinical
1962,371.42,3.3,2,4,133.64,12,5,0.747,High,Yes,-9.24,Preclinical
1963,389.08,3.31,0,4,133.02,0,0,0.422,Low,Yes,-7.89,Phase III
1964,398.39,2.96,3,8,63.4,14,1,0.253,Low,No,-5.9,Preclinical
1965,391.67,1.31,2,4,110.18,2,0,0.451,Low,Yes,-5.13,Phase II
1966,356.72,2.8,3,4,54.64,6,2,0.437,Medium,Yes,-5.63,Preclinical
1967,335.2,1.08,2,2,132.13,8,3,0.478,Low,Yes,-7.29,Phase III
1968,338.65,2.2,2,10,97.36,1,5,0.343,Low,Yes,-5.01,Phase III
1969,335.38,3.74,3,7,118.49,5,3,0.591,Medium,Yes,-4.05,Preclinical
1970,435.03,3.46,1,4,38.55,2,0,0.823,Low,Yes,-7.23,Phase II
1971,394.52,2.52,3,11,110.33,4,5,0.183,High,Yes,-8.99,Preclinical
1972,129.47,1.33,3,6,89.77,11,1,0.613,Low,Yes,-5.53,Preclinical
1973,399.19,3.27,2,3,115.56,8,2,0.74,High,Yes,-9.31,Phase I
1974,364.61,2.52,0,7,117.45,2,1,0.392,Low,Yes,-8.83,Phase I
1975,348.6,-0.28,2,6,91.97,0,2,0.813,Low,No,-10.62,Preclinical
1976,320.86,3.44,4,3,71.98,4,1,0.485,Low,No,-6.41,Phase I
1977,434.31,2.47,3,4,113.39,0,0,0.219,High,Yes,-10.97,Preclinical
1978,421.06,3.94,5,10,88.2,7,4,0.182,Low,Yes,-6.01,Preclinical
1979,292.03,1.19,3,5,63.82,6,5,0.696,Medium,No,-4.79,Phase I
1980,380.53,-1.31,1,9,62.4,14,2,0.673,High,Yes,-4.91,Phase I
1981,277.13,2.83,5,6,45.69,10,0,0.891,Medium,No,-9.4,Phase II
1982,246.53,2.85,2,4,74.69,1,3,0.668,Low,No,-10.3,Phase I
1983,303.0,0.47,1,11,123.08,13,3,0.475,High,Yes,-8.46,Phase III
1984,414.68,1.33,3,11,95.33,10,1,0.621,High,Yes,-6.18,Phase I
1985,421.48,5.81,2,7,74.11,8,3,0.518,Low,Yes,-5.69,Preclinical
1986,388.48,2.13,2,2,114.15,4,4,0.417,Medium,Yes,-6.5,Phase I
1987,404.38,3.38,4,4,65.03,6,2,0.363,High,No,-6.71,Phase II
1988,388.71,1.72,4,5,92.86,3,1,0.069,High,No,-3.96,Phase I
1989,301.89,-0.01,0,4,84.61,11,2,0.314,Low,Yes,-8.22,Phase II
1990,382.39,2.3,4,4,113.37,12,2,0.495,Medium,Yes,-8.67,Preclinical
1991,410.03,2.18,5,11,42.68,0,0,-0.177,Low,Yes,-9.28,Preclinical
1992,406.57,2.02,2,9,64.49,13,3,0.371,Low,Yes,-6.85,Phase II
1993,439.17,2.36,4,11,40.85,7,5,0.73,Low,Yes,-7.77,Preclinical
1994,403.12,2.82,0,2,82.21,12,2,0.836,Low,No,-6.26,Phase I
1995,376.36,2.32,3,6,126.34,0,4,0.368,Medium,Yes,-8.18,Phase I
1996,430.26,0.98,5,8,74.84,2,4,0.359,Medium,Yes,-6.56,Phase I
1997,348.01,3.08,4,8,74.68,5,5,0.32,Low,Yes,-8.08,Phase I
1998,283.86,0.16,2,11,116.15,7,3,0.36,Low,Yes,-7.74,Preclinical
1999,337.77,0.04,3,7,122.06,7,3,0.786,Low,Yes,-7.6,Phase III
2000,294.13,3.39,2,10,87.34,1,1,0.907,High,Yes,-10.05,Phase II
2001,299.36,3.11,3,11,110.54,8,1,0.078,High,Yes,-7.71,Phase I
2002,339.16,2.43,5,4,57.69,3,1,0.297,Low,No,-6.66,Preclinical
2003,290.57,0.83,2,7,131.34,3,3,0.034,High,Yes,-8.98,Preclinical
2004,326.9,1.65,4,10,154.46,14,2,0.493,Low,Yes,-4.63,Phase II
2005,207.98,2.18,4,6,105.64,13,0,0.378,Medium,No,-7.49,Preclinical
2006,366.0,0.58,0,11,27.47,1,5,0.59,High,No,-8.44,Preclinical
2007,350.09,1.61,3,6,73.25,0,5,0.666,Low,Yes,-8.49,Preclinical
2008,288.72,3.28,0,2,108.38,9,5,0.638,Medium,Yes,-5.44,Phase I
2009,399.44,4.21,1,8,77.36,6,1,0.089,Low,No,-8.74,Phase II
2010,420.32,2.0,4,8,128.17,10,0,0.494,Low,Yes,-7.05,Phase I
2011,229.43,3.41,3,11,107.64,9,4,0.076,Medium,Yes,-6.18,Phase III
2012,292.8,0.2,5,7,68.81,2,3,0.934,High,Yes,-6.67,Preclinical
2013,292.31,3.29,0,11,90.97,3,4,0.411,Low,Yes,-8.34,Phase I
2014,279.51,1.54,5,9,63.19,10,1,0.158,High,Yes,-6.24,Preclinical
2015,412.21,2.87,5,8,84.52,8,2,0.364,High,Yes,-7.27,Phase I
2016,335.46,2.2,5,9,73.36,5,1,0.552,Low,No,-10.08,Phase I
2017,330.16,4.08,0,9,125.24,13,0,0.683,Low,No,-5.67,Preclinical
2018,199.71,1.45,1,6,153.48,0,1,0.825,Medium,No,-8.42,Preclinical
2019,397.66,3.25,0,2,47.06,8,5,0.516,Medium,Yes,-7.76,Phase II
2020,257.06,2.16,2,7,32.3,8,2,0.417,Low,Yes,-7.04,Preclinical
2021,354.49,2.31,4,3,82.64,4,2,0.671,High,No,-8.3,Phase I
2022,370.8,2.28,0,7,44.45,7,3,0.664,Medium,Yes,-6.36,Phase III
2023,452.05,1.49,0,9,91.39,6,3,0.53,Low,Yes,-9.16,Phase I
2024,251.84,2.48,1,10,112.47,10,5,0.702,Medium,Yes,-8.36,Phase II
2025,123.54,2.42,2,10,134.82,7,2,0.347,Low,Yes,-5.66,Phase II
2026,363.79,2.79,0,2,96.04,8,5,0.494,Low,Yes,-7.46,Preclinical
2027,485.04,2.6,4,6,84.21,13,2,-0.008,High,Yes,-9.09,Preclinical
2028,442.92,3.46,4,6,30.65,1,0,0.847,High,No,-7.38,Phase II
2029,365.72,3.61,0,9,90.79,9,1,0.377,Low,Yes,-6.9,Phase II
2030,313.13,1.24,5,9,92.14,4,3,0.849,Medium,No,-9.88,Preclinical
2031,410.53,3.54,5,5,109.17,7,0,0.336,Medium,No,-5.02,Preclinical
2032,276.98,1.08,2,5,68.75,2,1,0.576,Low,Yes,-4.82,Preclinical
2033,385.73,3.21,4,9,76.95,10,3,0.514,Low,No,-7.32,Phase II
2034,387.91,3.24,5,8,45.66,14,5,0.35,Medium,No,-7.8,Phase I
2035,429.52,0.21,4,7,21.26,10,0,0.62,Medium,Yes,-7.47,Phase III
2036,556.97,2.61,2,8,56.75,5,4,0.819,Low,Yes,-6.16,Phase III
2037,379.43,1.94,2,6,42.89,5,4,0.947,Low,Yes,-6.82,Phase II
2038,311.83,1.59,5,3,100.1,6,3,0.686,Low,Yes,-7.14,Phase II
2039,348.08,4.12,0,7,74.46,12,0,0.197,Low,Yes,-5.43,Preclinical
2040,217.32,1.72,3,8,73.85,10,1,0.149,Medium,Yes,-5.8,Preclinical
2041,297.9,1.53,1,8,60.47,2,1,0.785,Low,Yes,-8.94,Phase I
2042,319.3,2.59,3,1,-6.98,7,0,0.251,Low,Yes,-6.17,Preclinical
2043,310.69,3.32,3,7,135.25,7,4,0.654,High,Yes,-5.77,Preclinical
2044,361.43,2.33,4,3,59.99,8,0,0.533,Low,Yes,-7.08,Phase II
2045,288.32,3.9,2,2,77.63,7,4,0.83,Low,No,-6.6,Phase I
2046,434.08,3.14,4,2,46.35,2,4,0.627,High,Yes,-7.96,Phase II
2047,350.02,-0.11,5,8,119.16,5,5,0.492,Medium,No,-9.31,Preclinical
2048,349.3,1.86,1,9,94.3,8,5,1.015,Medium,Yes,-4.67,Preclinical
2049,325.41,1.83,5,3,65.21,0,1,0.706,Low,Yes,-9.51,Phase I
2050,361.64,3.08,0,3,78.23,2,3,0.639,Low,Yes,-4.98,Phase III
2051,411.88,-0.65,1,6,140.35,1,2,0.329,Medium,Yes,-7.6,Phase II
2052,284.97,5.56,4,11,87.81,11,0,0.213,Medium,No,-5.63,Preclinical
2053,300.64,3.14,4,10,84.55,7,4,0.435,Low,Yes,-7.47,Preclinical
2054,327.22,2.68,5,1,61.76,5,0,0.125,Low,Yes,-6.09,Phase III
2055,249.06,3.92,4,6,33.16,9,3,0.42,High,Yes,-6.83,Preclinical
2056,288.56,5.31,4,3,85.2,10,3,0.7,Low,Yes,-8.5,Preclinical
2057,314.28,3.54,3,11,99.76,10,2,0.745,Low,No,-7.3,Preclinical
2058,415.58,3.64,0,4,122.99,7,2,0.414,Low,Yes,-7.71,Phase I
2059,369.69,2.66,3,9,22.55,1,4,1.234,Medium,No,-6.54,Phase I
2060,364.52,2.33,4,3,56.25,10,5,0.818,Medium,Yes,-7.29,Preclinical
2061,413.82,1.93,2,1,72.58,5,2,0.493,Medium,Yes,-7.07,Phase I
2062,339.7,1.51,3,3,89.9,6,5,0.785,Low,Yes,-9.04,Preclinical
2063,379.28,1.68,4,7,85.65,7,5,0.355,Low,Yes,-9.42,Phase I
2064,342.26,0.88,4,7,86.35,8,4,0.563,Low,No,-7.39,Phase I
2065,369.9,2.41,0,11,102.24,4,1,0.41,Medium,Yes,-7.23,Phase I
2066,306.29,0.48,5,5,62.9,10,5,0.197,Medium,Yes,-9.08,Preclinical
2067,167.09,2.73,1,1,118.02,2,4,0.633,High,No,-6.64,Phase I
2068,339.93,2.46,3,11,103.0,1,2,0.499,Low,Yes,-6.58,Phase I
2069,456.71,2.68,3,8,80.41,7,0,0.517,Medium,Yes,-7.27,Phase I
2070,419.47,1.87,3,10,138.03,0,2,0.493,Medium,Yes,-7.48,Phase I
2071,422.4,6.19,4,8,136.69,9,3,0.275,Low,Yes,-9.4,Phase I
2072,442.71,4.13,0,10,117.99,14,2,0.897,Low,Yes,-9.43,Preclinical
2073,356.65,1.01,4,10,-0.56,5,1,0.562,Medium,Yes,-6.91,Preclinical
2074,364.8,2.78,4,10,137.37,1,4,0.433,High,No,-8.74,Preclinical
2075,303.68,1.77,5,2,113.84,2,5,0.173,Low,Yes,-8.64,Phase II
2076,326.29,1.28,2,10,150.19,7,3,0.851,High,No,-7.08,Phase I
2077,396.18,0.89,0,3,127.12,0,4,0.729,Medium,Yes,-4.44,Phase II
2078,440.29,3.02,3,4,137.35,5,4,0.5,Low,Yes,-8.1,Phase II
2079,339.54,1.68,1,1,116.36,2,5,0.179,Low,No,-4.42,Phase III
2080,316.24,3.66,3,4,130.46,5,2,0.915,Low,No,-7.61,Preclinical
2081,350.04,3.69,4,5,149.82,2,0,0.409,Low,Yes,-6.65,Preclinical
2082,395.09,4.15,0,3,96.5,10,3,0.332,Low,Yes,-6.06,Phase II
2083,241.71,1.48,0,11,42.83,10,5,0.488,Low,No,-5.95,Preclinical
2084,177.79,3.07,0,10,80.78,7,1,0.594,High,No,-6.99,Phase I
2085,308.71,3.26,2,2,101.7,4,1,0.458,Medium,No,-7.84,Preclinical
2086,258.45,1.93,3,6,92.25,3,0,-0.347,Medium,Yes,-6.26,Phase III
2087,311.89,1.57,2,8,52.6,8,0,0.562,Low,Yes,-6.86,Phase I
2088,338.92,4.43,5,7,41.07,14,2,0.731,Low,Yes,-8.15,Preclinical
2089,316.01,2.77,1,11,67.77,4,1,0.277,Low,No,-5.39,Phase II
2090,458.94,3.26,5,1,114.23,11,3,0.89,High,Yes,-6.81,Preclinical
2091,374.51,1.51,4,4,137.41,13,5,0.719,Low,Yes,-8.62,Phase III
2092,372.54,1.04,2,3,117.5,3,0,0.617,Low,No,-8.8,Preclinical
2093,396.67,1.82,2,6,121.72,7,0,0.246,Medium,Yes,-4.56,Phase II
2094,264.59,2.35,5,9,87.58,7,0,0.57,Medium,No,-8.24,Preclinical
2095,427.93,1.22,4,9,37.74,7,5,0.589,Medium,Yes,-6.37,Phase II
2096,344.32,2.49,0,7,76.34,3,3,0.48,Low,Yes,-6.93,Phase III
2097,400.29,0.47,4,9,82.24,12,1,0.723,Low,Yes,-6.42,Phase II
2098,269.61,1.16,3,8,75.09,0,3,0.41,Medium,Yes,-4.63,Phase II
2099,233.47,3.31,5,5,91.64,1,5,0.432,Medium,Yes,-6.0,Preclinical
2100,411.34,3.22,4,9,103.24,3,3,0.333,Low,Yes,-6.25,Phase III
2101,378.23,2.03,0,7,115.59,9,2,0.387,Low,Yes,-7.8,Phase I
2102,282.35,1.28,4,5,81.66,1,5,0.463,Medium,No,-8.5,Phase III
2103,284.78,1.27,2,8,32.89,10,0,0.453,High,Yes,-3.87,Phase II
2104,434.41,2.05,1,7,75.51,9,1,0.442,Medium,Yes,-7.56,Preclinical
2105,260.79,3.27,2,9,91.31,13,2,0.731,High,Yes,-7.66,Phase I
2106,473.2,3.61,1,10,126.68,13,2,0.876,Medium,Yes,-7.07,Preclinical
2107,282.45,1.9,4,1,72.97,2,5,0.18,Low,No,-7.21,Phase II
2108,397.88,1.12,3,9,105.38,8,4,0.87,Low,Yes,-5.11,Phase I
2109,325.35,2.82,4,7,98.7,14,0,0.669,Medium,Yes,-6.69,Preclinical
2110,395.24,1.51,0,1,91.32,8,1,0.277,Low,No,-9.46,Phase III
2111,309.19,1.88,4,1,117.92,13,1,0.418,Medium,Yes,-8.49,Phase III
2112,337.79,4.09,1,5,70.17,14,1,0.571,Medium,Yes,-7.48,Phase III
2113,353.07,3.49,2,8,72.74,10,5,0.086,High,No,-5.96,Phase II
2114,274.84,2.69,3,9,89.64,8,0,0.478,Medium,No,-9.78,Phase II
2115,405.56,0.97,4,6,70.8,6,5,0.631,Low,Yes,-6.76,Phase II
2116,311.51,2.75,4,10,105.24,14,1,0.314,Low,Yes,-6.4,Preclinical
2117,332.86,3.78,2,8,68.6,3,3,0.13,Low,No,-6.18,Phase III
2118,275.42,2.05,3,6,96.79,0,3,0.55,High,Yes,-7.62,Phase III
2119,157.82,4.12,5,11,86.99,2,0,1.052,Low,No,-5.93,Phase II
2120,335.67,4.05,4,6,96.45,14,1,0.322,High,No,-8.72,Phase III
2121,530.95,4.5,4,4,76.21,13,5,0.328,High,No,-6.08,Phase I
2122,408.85,2.87,5,11,79.83,7,4,0.45,Medium,Yes,-7.59,Phase I
2123,348.56,3.2,1,5,92.88,3,4,0.892,Low,Yes,-7.44,Phase III
2124,330.28,4.2,1,2,96.06,9,4,0.087,Low,Yes,-7.45,Phase I
2125,351.68,3.04,0,3,89.87,9,3,0.692,Low,Yes,-6.52,Phase I
2126,391.03,1.9,2,3,141.16,1,5,0.382,Low,No,-9.16,Preclinical
2127,261.44,1.96,3,11,60.28,13,4,0.404,Low,Yes,-6.17,Phase I
2128,433.57,2.79,4,5,88.07,7,1,0.247,Low,Yes,-6.19,Phase II
2129,403.65,0.95,4,5,42.79,6,1,0.438,Medium,No,-7.95,Phase I
2130,403.86,2.33,0,6,101.16,10,4,0.255,Low,Yes,-7.5,Phase I
2131,382.89,3.82,4,5,56.54,9,2,0.364,Low,Yes,-8.79,Preclinical
2132,351.47,-0.13,2,6,81.65,8,4,-0.116,Medium,Yes,-9.24,Phase I
2133,400.46,4.34,0,8,78.84,1,2,0.067,High,Yes,-7.2,Phase III
2134,394.39,3.85,2,2,98.43,14,0,0.584,Medium,No,-7.19,Preclinical
2135,323.45,1.95,0,4,73.42,4,0,0.816,Low,No,-8.01,Preclinical
2136,306.98,3.15,4,6,72.14,5,1,1.307,Medium,Yes,-9.37,Preclinical
2137,357.64,2.5,0,5,133.08,12,5,0.731,Medium,Yes,-6.81,Phase III
2138,466.18,3.98,1,1,98.54,1,3,0.371,High,No,-8.04,Phase II
2139,257.07,3.68,3,9,73.17,14,5,0.004,Low,No,-8.62,Phase III
2140,239.94,0.82,4,3,82.47,1,1,0.635,High,Yes,-5.59,Phase I
2141,362.36,3.2,5,2,139.36,12,1,0.137,Low,No,-8.96,Phase I
2142,353.82,2.25,3,9,82.95,14,5,0.298,High,Yes,-6.66,Phase II
2143,363.0,2.6,4,7,69.32,13,3,0.722,Low,Yes,-9.75,Preclinical
2144,368.3,1.63,3,5,69.45,13,1,0.574,High,No,-9.65,Preclinical
2145,333.26,4.6,1,6,73.53,9,3,0.268,High,Yes,-6.78,Phase I
2146,461.74,3.75,3,11,72.17,13,1,0.073,Low,Yes,-8.0,Preclinical
2147,229.93,1.61,0,4,51.61,3,0,0.553,High,Yes,-9.25,Preclinical
2148,287.86,0.9,3,1,56.27,14,2,0.584,Low,Yes,-6.08,Preclinical
2149,342.26,2.04,4,4,65.12,7,1,0.876,Low,Yes,-6.94,Preclinical
2150,226.76,3.02,5,9,107.75,14,2,-0.123,Low,Yes,-10.69,Preclinical
2151,336.81,2.79,5,1,78.56,13,4,0.53,High,Yes,-6.06,Phase II
2152,474.61,4.0,2,10,83.79,14,1,0.729,Low,Yes,-9.1,Preclinical
2153,351.57,3.45,3,3,128.1,12,0,0.395,Medium,No,-10.06,Preclinical
2154,367.3,3.66,5,5,128.85,10,3,0.101,Medium,Yes,-8.73,Preclinical
2155,255.49,2.89,3,7,81.54,4,0,0.269,High,No,-7.56,Phase I
2156,303.77,0.83,5,9,71.07,8,2,0.509,Medium,Yes,-7.38,Phase I
2157,321.86,2.27,3,6,64.07,3,3,0.378,Low,No,-9.95,Phase III
2158,326.17,3.77,4,3,110.78,2,0,0.576,Low,No,-9.62,Phase II
2159,446.12,2.44,3,7,83.86,9,0,0.82,Low,Yes,-8.64,Preclinical
2160,391.83,3.1,4,4,78.41,14,0,0.4,Medium,Yes,-8.55,Preclinical
2161,266.64,2.12,4,3,65.59,7,5,0.805,Low,No,-6.36,Preclinical
2162,368.49,1.26,2,7,66.91,0,3,0.471,Low,Yes,-8.12,Phase III
2163,387.37,2.35,5,11,99.6,8,0,0.585,High,Yes,-6.39,Phase II
2164,435.51,2.87,0,11,50.54,3,0,0.471,Low,Yes,-5.86,Preclinical
2165,468.54,1.71,4,7,119.85,10,2,0.591,Medium,Yes,-6.67,Preclinical
2166,273.87,2.22,5,4,73.98,8,0,0.635,Low,No,-12.11,Phase I
2167,289.19,1.37,1,7,85.51,7,0,0.66,Low,No,-7.96,Preclinical
2168,255.68,3.84,3,11,49.89,2,4,0.501,Low,Yes,-7.75,Phase II
2169,332.45,2.15,1,2,89.63,2,3,-0.333,Low,Yes,-7.58,Phase I
2170,384.98,4.24,3,1,80.15,13,4,0.649,High,Yes,-10.62,Phase I
2171,424.05,4.33,2,2,88.5,8,5,0.007,Low,Yes,-8.65,Phase I
2172,344.3,2.4,4,4,134.15,2,2,0.348,Low,No,-9.54,Preclinical
2173,326.01,1.29,0,8,95.33,3,4,-0.098,Medium,No,-8.89,Phase I
2174,361.38,-0.0,4,3,66.16,8,5,0.925,Medium,Yes,-7.89,Phase II
2175,287.36,0.73,3,10,68.66,11,1,0.604,Medium,Yes,-8.61,Preclinical
2176,506.72,0.85,0,6,107.85,3,3,0.419,High,Yes,-8.78,Phase I
2177,229.43,4.15,4,6,128.96,10,0,0.855,Medium,No,-7.8,Phase II
2178,363.86,2.64,0,9,98.46,2,4,0.633,Low,Yes,-8.24,Preclinical
2179,501.77,2.97,3,9,110.66,13,4,0.531,Medium,Yes,-7.2,Phase I
2180,350.51,-0.16,2,4,108.29,6,0,0.599,Medium,No,-8.13,Preclinical
2181,335.75,1.06,2,9,132.57,5,0,0.404,Low,No,-9.85,Phase II
2182,323.19,3.56,4,6,31.51,0,2,0.19,Low,No,-9.05,Preclinical
2183,336.47,2.84,1,2,110.02,13,4,0.74,Low,Yes,-7.99,Phase II
2184,452.96,2.32,3,10,119.51,9,4,0.482,Low,Yes,-8.17,Preclinical
2185,184.11,3.18,4,11,49.84,7,1,0.06,Low,Yes,-9.62,Preclinical
2186,465.01,4.46,4,6,63.43,0,5,0.627,Low,No,-6.49,Phase II
2187,243.2,2.23,2,2,64.48,3,1,0.51,High,No,-7.03,Phase I
2188,330.0,2.58,0,8,68.14,5,4,0.925,High,No,-8.4,Phase III
2189,317.81,2.73,3,4,75.55,5,1,0.567,Medium,Yes,-7.75,Phase I
2190,394.14,5.37,0,5,97.28,6,4,0.205,Medium,No,-9.11,Phase I
2191,230.14,-0.02,5,8,115.97,13,3,0.052,Low,Yes,-6.22,Phase II
2192,384.66,3.32,5,11,122.44,10,2,0.816,High,Yes,-4.4,Preclinical
2193,501.82,2.36,3,8,64.87,11,1,0.484,Medium,Yes,-8.47,Preclinical
2194,247.76,3.18,1,6,64.66,13,4,0.284,Low,No,-5.66,Preclinical
2195,364.23,1.71,5,4,129.47,4,1,0.32,Low,Yes,-8.79,Preclinical
2196,300.35,2.44,2,1,109.4,4,5,0.825,Low,No,-8.3,Preclinical
2197,381.94,3.35,1,7,92.49,3,2,0.618,Low,No,-5.35,Phase III
2198,351.44,6.24,4,8,104.2,5,3,0.774,Low,Yes,-7.68,Phase II
2199,301.89,3.47,5,9,89.11,6,0,0.561,Low,No,-6.47,Phase III
2200,386.59,1.48,2,2,105.74,9,0,0.291,Low,Yes,-7.9,Phase III
2201,485.33,1.99,4,1,79.92,14,1,0.947,Low,Yes,-10.2,Phase I
2202,335.68,1.96,1,4,98.06,9,4,0.402,High,Yes,-3.99,Preclinical
2203,403.98,0.35,3,5,44.68,0,5,0.701,Low,No,-7.83,Phase I
2204,253.0,2.1,4,10,69.37,8,2,0.771,Low,Yes,-7.27,Phase III
2205,278.27,3.38,0,1,69.69,14,3,0.502,Medium,No,-8.6,Phase I
2206,385.43,0.97,3,5,78.77,13,3,0.222,High,No,-6.33,Phase I
2207,461.31,3.76,3,6,62.2,7,3,0.33,Low,Yes,-6.44,Preclinical
2208,376.67,3.09,1,3,73.99,6,0,0.669,High,Yes,-9.84,Phase I
2209,326.52,1.62,1,7,44.57,8,2,0.633,Low,No,-7.24,Preclinical
2210,349.95,2.33,2,6,106.46,2,0,0.825,Low,Yes,-6.18,Preclinical
2211,256.22,4.42,2,4,87.52,9,1,0.785,Low,No,-5.7,Phase III
2212,395.34,3.38,0,3,38.84,3,3,0.262,Medium,No,-6.53,Preclinical
2213,416.17,2.51,3,5,64.96,6,2,0.861,Low,Yes,-6.4,Phase III
2214,316.09,2.21,0,3,100.1,5,3,0.243,Medium,No,-8.31,Preclinical
2215,314.75,2.59,0,10,73.71,13,0,0.649,Low,Yes,-9.34,Phase III
2216,369.94,1.89,1,9,69.09,12,0,1.105,Medium,No,-7.97,Phase I
2217,317.25,-0.03,0,9,87.76,1,0,0.578,Low,Yes,-9.38,Phase II
2218,345.04,4.95,0,6,100.31,1,3,0.055,Low,No,-8.61,Preclinical
2219,507.48,2.69,4,11,46.91,9,2,0.419,Medium,Yes,-8.63,Phase II
2220,331.47,2.98,2,6,106.5,6,2,1.044,Medium,No,-8.91,Phase III
2221,323.12,2.43,2,4,65.99,8,1,0.448,Low,Yes,-6.7,Preclinical
2222,301.43,1.62,3,4,89.46,10,3,0.832,Medium,Yes,-9.02,Preclinical
2223,405.81,2.28,2,2,88.94,14,1,0.261,Medium,Yes,-4.75,Preclinical
2224,336.41,0.58,5,10,74.19,11,5,0.411,Low,No,-6.02,Preclinical
2225,301.3,5.23,3,4,59.29,8,1,0.446,High,Yes,-5.72,Preclinical
2226,449.1,1.02,4,8,81.43,6,1,0.988,Medium,No,-8.53,Phase II
2227,456.47,1.26,2,10,138.76,10,1,0.424,Low,No,-7.2,Preclinical
2228,304.97,1.97,4,2,49.15,7,0,0.029,Low,No,-9.06,Phase II
2229,210.01,4.05,2,9,140.77,9,5,1.095,Medium,Yes,-7.17,Phase III
2230,425.56,2.52,2,1,82.21,2,1,0.557,Low,No,-10.15,Phase II
2231,298.65,1.02,4,2,91.06,0,2,0.664,Low,Yes,-5.91,Preclinical
2232,409.3,4.01,0,2,57.4,6,1,0.098,Low,No,-8.47,Phase I
2233,202.24,3.38,0,11,66.86,7,0,0.564,Medium,No,-7.05,Preclinical
2234,416.94,3.15,0,6,74.91,1,4,0.505,Low,Yes,-6.77,Preclinical
2235,259.16,3.36,5,7,58.63,14,5,0.258,Medium,Yes,-8.33,Preclinical
2236,404.81,5.37,0,3,83.73,8,4,0.667,Low,Yes,-8.7,Phase III
2237,351.07,5.12,2,11,77.79,3,4,0.073,Low,Yes,-7.68,Phase II
2238,278.45,1.68,1,9,145.52,9,5,0.257,Medium,No,-6.3,Preclinical
2239,319.47,4.45,4,5,55.02,10,3,0.803,Medium,Yes,-7.72,Phase I
2240,401.47,2.96,1,5,93.08,8,2,0.319,Low,No,-6.6,Preclinical
2241,357.94,3.1,5,11,97.44,12,0,0.377,Low,Yes,-6.31,Phase III
2242,393.83,0.47,1,4,57.89,2,5,0.523,Low,No,-7.79,Phase III
2243,498.23,2.3,3,9,110.6,7,4,0.407,Medium,No,-7.67,Preclinical
2244,232.68,1.52,0,8,78.05,10,0,0.673,Low,No,-7.29,Preclinical
2245,471.29,3.49,5,4,15.23,1,0,0.544,Medium,Yes,-5.79,Phase I
2246,357.83,3.79,2,4,109.8,14,3,0.123,Medium,Yes,-8.01,Phase I
2247,282.59,0.01,0,2,56.49,13,4,0.316,Low,Yes,-5.79,Preclinical
2248,250.23,2.47,0,9,58.57,2,1,0.289,Low,Yes,-7.12,Phase II
2249,335.82,3.85,1,3,110.64,0,0,0.384,Low,Yes,-8.6,Preclinical
2250,419.12,2.28,3,4,79.59,4,4,0.528,Low,No,-7.56,Phase II
2251,340.43,3.37,0,7,117.53,3,0,0.577,Medium,Yes,-9.18,Preclinical
2252,463.34,2.92,4,10,126.3,12,3,-0.092,Medium,Yes,-9.52,Phase II
2253,241.16,2.91,4,8,70.65,0,3,0.756,Medium,Yes,-6.59,Phase II
2254,349.09,2.17,0,8,113.8,9,1,0.477,Low,Yes,-6.3,Phase I
2255,256.07,1.04,1,4,67.34,8,3,0.22,High,Yes,-7.55,Phase II
2256,377.27,1.15,1,7,156.99,5,4,0.738,Low,No,-7.43,Phase I
2257,416.52,3.35,2,10,69.21,5,5,-0.026,Low,Yes,-8.37,Preclinical
2258,318.44,2.52,5,1,120.78,13,3,0.106,Medium,No,-7.25,Preclinical
2259,154.68,2.33,5,6,115.31,10,5,1.032,Medium,Yes,-4.53,Preclinical
2260,364.92,1.99,5,6,99.48,1,1,0.537,Low,No,-5.99,Preclinical
2261,382.76,2.13,3,6,69.88,14,2,0.316,Medium,Yes,-7.61,Phase II
2262,380.32,3.76,1,2,85.46,13,0,0.527,High,No,-7.74,Preclinical
2263,442.68,2.1,2,8,25.39,6,0,0.455,Medium,Yes,-8.06,Preclinical
2264,269.67,0.89,4,5,96.73,11,4,0.509,Low,Yes,-9.62,Phase II
2265,401.02,3.39,5,5,100.49,11,1,0.622,Medium,Yes,-8.22,Phase II
2266,439.44,2.25,4,2,94.0,14,1,0.45,Medium,No,-6.49,Phase I
2267,216.61,2.54,4,4,0.8,8,1,0.589,Medium,No,-8.9,Preclinical
2268,373.97,4.43,0,9,52.03,5,0,0.46,Medium,Yes,-7.92,Preclinical
2269,312.19,2.48,3,9,67.56,10,3,0.295,High,Yes,-9.18,Phase I
2270,343.89,2.85,2,6,98.75,7,0,0.223,Low,Yes,-6.32,Phase III
2271,376.08,1.09,3,11,98.68,11,0,0.83,Low,Yes,-9.41,Preclinical
2272,313.46,2.24,0,9,84.89,4,0,0.662,Low,Yes,-6.61,Phase I
2273,299.32,3.23,2,4,109.06,1,3,0.759,Low,No,-5.96,Phase III
2274,352.56,0.63,2,11,59.21,12,2,0.501,Low,No,-7.99,Phase I
2275,268.46,2.74,1,1,108.31,14,4,0.556,Medium,No,-8.53,Phase I
2276,268.56,2.62,3,2,104.24,3,2,0.455,Low,No,-6.79,Phase II
2277,400.95,2.55,3,1,101.33,11,2,0.789,Medium,Yes,-5.1,Phase II
2278,263.84,3.74,1,8,84.54,0,0,0.414,Medium,Yes,-5.49,Phase I
2279,399.97,2.9,4,9,144.92,0,2,0.254,Low,Yes,-7.61,Phase III
2280,384.69,4.27,0,10,104.8,5,0,0.63,High,Yes,-8.82,Phase I
2281,220.56,1.31,3,6,60.95,14,0,0.462,Low,Yes,-7.85,Phase II
2282,299.18,2.66,1,2,97.45,1,4,0.562,Medium,No,-10.03,Phase III
2283,439.56,2.6,2,6,112.57,5,1,0.678,Medium,No,-8.33,Phase I
2284,276.41,1.22,5,9,72.36,0,0,0.355,Low,Yes,-6.82,Phase I
2285,315.17,3.65,1,3,122.68,10,2,0.445,Low,Yes,-8.05,Phase I
2286,384.65,5.29,5,9,101.46,9,4,0.422,Low,No,-8.4,Phase II
2287,408.75,2.48,4,2,19.73,2,5,0.822,Medium,No,-7.58,Phase II
2288,331.13,3.11,0,11,98.99,13,5,0.504,Medium,Yes,-7.9,Preclinical
2289,305.19,2.6,5,5,77.82,8,5,0.539,Low,No,-6.37,Phase II
2290,456.68,1.64,4,11,106.12,1,2,0.211,Medium,No,-9.49,Phase II
2291,480.42,0.32,5,2,118.33,7,1,0.683,Low,Yes,-6.71,Phase II
2292,423.41,1.65,2,7,95.85,5,3,0.607,Low,Yes,-7.57,Phase II
2293,356.4,0.83,2,11,139.96,11,1,0.291,High,No,-6.85,Preclinical
2294,289.38,4.54,2,10,84.64,5,4,0.981,Low,No,-9.58,Phase I
2295,287.72,2.36,2,9,108.74,6,1,0.584,High,Yes,-6.18,Phase II
2296,389.19,2.08,1,7,114.15,4,5,0.344,Medium,No,-6.69,Phase III
2297,381.38,3.57,2,5,87.08,11,1,0.499,High,No,-4.99,Preclinical
2298,455.12,1.15,2,4,113.36,10,4,0.408,Low,No,-8.75,Phase I
2299,398.78,1.58,1,4,72.16,3,4,0.886,Low,Yes,-8.38,Phase II
2300,237.27,2.58,2,10,77.32,5,5,0.733,Low,No,-10.18,Phase II
2301,428.9,3.73,4,8,50.63,7,2,0.614,Medium,Yes,-8.74,Phase I
2302,275.15,3.1,4,10,97.24,3,0,0.929,Medium,Yes,-5.35,Preclinical
2303,321.2,2.8,3,10,99.76,4,3,0.24,Low,No,-7.06,Phase II
2304,368.77,2.59,4,10,125.38,6,3,0.694,Medium,Yes,-8.59,Phase II
2305,499.68,2.98,0,10,113.73,5,5,0.637,Low,Yes,-7.3,Phase II
2306,583.24,2.74,0,10,81.46,12,3,0.442,Low,No,-7.59,Phase II
2307,395.5,1.26,0,1,54.65,3,1,0.444,Low,Yes,-10.36,Phase I
2308,336.26,2.56,1,5,102.99,12,4,0.731,Low,Yes,-10.09,Phase III
2309,390.09,1.21,4,2,123.32,3,4,0.712,Low,Yes,-5.84,Phase II
2310,416.57,2.6,0,11,112.66,9,5,0.144,Low,Yes,-6.4,Phase I
2311,325.95,1.92,3,9,122.53,3,4,0.954,High,Yes,-9.73,Phase III
2312,484.64,5.55,1,7,83.64,0,0,0.786,Medium,No,-7.69,Phase III
2313,367.26,2.45,3,10,76.0,4,4,0.43,Low,No,-8.57,Phase II
2314,387.33,0.81,4,8,67.89,7,4,0.302,Medium,No,-5.87,Phase I
2315,399.94,2.34,2,6,88.32,6,1,0.778,Medium,Yes,-6.83,Phase I
2316,381.62,3.12,3,9,87.64,4,2,0.624,Low,No,-9.16,Preclinical
2317,412.92,4.51,2,6,96.2,2,3,0.679,Medium,Yes,-7.32,Preclinical
2318,303.71,1.79,1,7,86.12,14,1,0.643,Medium,No,-7.56,Phase I
2319,308.13,0.6,3,7,85.99,14,1,0.804,Medium,Yes,-7.56,Phase I
2320,267.49,3.48,3,9,66.7,10,1,0.714,Medium,Yes,-8.27,Preclinical
2321,382.96,0.84,5,11,118.25,0,3,0.367,Medium,Yes,-7.46,Phase III
2322,408.42,1.98,1,8,92.3,12,5,0.352,Low,Yes,-8.78,Phase I
2323,384.33,2.19,1,1,84.77,6,1,0.589,High,No,-9.28,Phase I
2324,475.59,2.42,0,4,67.58,12,2,1.072,Low,No,-9.37,Phase I
2325,349.58,3.33,4,7,50.04,14,5,0.463,High,No,-9.07,Preclinical
2326,400.16,1.68,3,11,129.24,10,4,0.591,Low,No,-6.87,Phase III
2327,268.12,2.17,3,8,106.64,2,2,0.724,Low,Yes,-6.83,Preclinical
2328,320.97,2.48,1,7,41.28,3,5,0.395,Medium,Yes,-5.31,Phase I
2329,402.17,2.68,1,3,112.89,13,4,0.699,Low,No,-7.84,Phase I
2330,413.68,2.62,4,4,117.67,4,4,0.503,Medium,Yes,-6.45,Phase I
2331,327.95,3.02,1,7,93.73,12,1,0.812,Low,Yes,-7.43,Phase I
2332,344.63,3.51,2,8,137.94,14,1,0.264,Medium,No,-7.05,Preclinical
2333,236.16,2.97,2,7,96.5,11,3,1.078,Low,Yes,-6.29,Preclinical
2334,323.22,3.04,5,6,47.5,7,0,0.422,Low,Yes,-6.63,Phase I
2335,416.78,0.6,2,9,100.96,12,2,0.63,Low,Yes,-7.34,Phase II
2336,393.14,2.56,2,9,97.35,6,3,0.501,Medium,Yes,-8.42,Phase I
2337,387.55,3.08,4,11,71.9,8,3,0.23,Medium,Yes,-7.09,Preclinical
2338,353.73,3.37,3,7,107.21,10,2,0.708,Medium,Yes,-5.45,Preclinical
2339,350.53,1.67,2,8,39.97,2,5,0.434,High,Yes,-7.24,Phase II
2340,300.48,1.71,5,6,119.72,13,2,0.631,Medium,Yes,-8.09,Phase I
2341,402.41,1.81,1,1,63.66,10,4,0.299,High,Yes,-6.27,Preclinical
2342,381.57,3.14,2,1,60.45,9,0,0.435,Low,No,-9.58,Phase II
2343,386.9,3.74,5,6,86.59,0,5,0.426,Low,Yes,-8.04,Preclinical
2344,310.55,2.01,4,2,102.99,0,1,0.638,Low,Yes,-8.97,Phase I
2345,188.5,3.59,1,8,94.92,11,0,0.577,Low,Yes,-7.68,Preclinical
2346,432.29,2.65,5,1,67.72,9,0,0.456,Medium,Yes,-5.63,Phase III
2347,314.09,2.35,2,2,74.82,12,1,0.408,Medium,Yes,-6.54,Preclinical
2348,285.29,2.25,3,8,56.01,13,0,0.579,Medium,Yes,-10.3,Phase I
2349,402.01,3.4,1,6,83.26,0,5,0.549,Medium,No,-8.43,Phase III
2350,320.6,2.89,1,10,122.25,1,5,0.532,High,Yes,-9.75,Preclinical
2351,429.5,5.23,3,2,89.87,1,5,0.992,High,No,-5.91,Phase I
2352,396.28,1.48,1,2,115.78,6,3,0.638,Low,Yes,-8.37,Preclinical
2353,401.27,3.12,2,11,133.66,8,3,0.981,Low,Yes,-7.39,Preclinical
2354,247.55,1.86,1,7,72.36,7,5,0.483,Low,Yes,-7.31,Phase I
2355,440.9,1.46,2,5,84.4,14,1,0.488,Low,No,-7.19,Phase III
2356,369.59,2.49,3,5,155.14,3,1,0.374,Medium,Yes,-11.84,Phase I
2357,322.3,2.66,0,8,133.33,1,2,0.575,Medium,Yes,-6.96,Phase I
2358,360.75,6.0,3,7,39.83,2,2,0.419,Low,Yes,-8.32,Phase I
2359,216.78,2.28,2,9,101.61,9,5,0.383,Medium,No,-6.23,Phase I
2360,380.65,1.14,4,4,90.02,4,0,0.025,Medium,No,-7.2,Phase I
2361,272.8,2.83,3,10,114.79,8,0,0.866,Low,No,-6.55,Preclinical
2362,248.55,0.01,4,4,67.65,7,1,0.404,Low,Yes,-8.59,Preclinical
2363,235.82,2.39,4,2,64.81,12,0,0.869,High,Yes,-9.19,Phase I
2364,433.45,2.52,2,3,69.72,11,4,0.476,Medium,No,-6.16,Phase III
2365,302.81,3.45,2,1,72.84,13,3,0.661,Low,Yes,-6.65,Preclinical
2366,465.03,3.67,0,1,114.46,2,0,0.519,Low,Yes,-7.17,Phase I
2367,309.81,1.9,5,7,54.56,8,0,0.604,Low,No,-7.17,Preclinical
2368,221.95,2.32,1,5,71.32,9,2,0.248,Low,Yes,-6.87,Preclinical
2369,266.26,1.58,3,3,36.33,2,4,0.796,Medium,No,-9.44,Phase I
2370,442.69,1.15,2,7,120.21,9,0,0.408,Low,Yes,-5.89,Phase II
2371,338.31,2.87,3,2,128.13,11,3,0.731,Low,Yes,-7.73,Phase I
2372,308.88,0.97,5,3,80.19,13,0,0.135,Low,Yes,-7.69,Preclinical
2373,362.0,2.0,5,1,81.06,7,1,0.311,Medium,No,-8.13,Phase III
2374,387.63,1.31,4,8,103.6,0,4,0.593,Low,Yes,-11.2,Preclinical
2375,433.8,3.16,1,2,134.23,3,0,0.459,Low,Yes,-6.64,Phase II
2376,458.64,4.66,0,7,102.26,3,4,0.614,Medium,No,-9.0,Phase II
2377,323.02,0.94,3,11,69.07,5,0,0.552,Low,Yes,-7.34,Phase II
2378,250.55,0.28,1,9,41.44,11,3,0.957,Low,Yes,-8.73,Phase III
2379,318.99,2.35,0,6,56.55,11,3,0.635,Low,No,-8.02,Phase II
2380,369.52,2.52,3,2,92.2,1,4,0.392,Medium,No,-8.1,Preclinical
2381,277.72,2.76,1,2,70.34,6,5,0.402,High,Yes,-8.77,Preclinical
2382,278.21,1.96,2,9,95.85,4,2,0.801,Low,Yes,-7.84,Preclinical
2383,375.78,2.26,3,10,73.41,9,2,0.118,Low,No,-8.22,Preclinical
2384,346.35,2.94,1,8,58.26,5,1,0.64,Low,Yes,-9.06,Phase III
2385,352.46,3.75,5,9,54.69,10,5,0.221,Medium,No,-5.74,Preclinical
2386,293.11,0.15,0,4,136.87,13,2,0.777,Medium,Yes,-8.7,Phase II
2387,332.72,2.06,1,4,116.67,5,4,0.392,Medium,No,-6.66,Phase II
2388,280.68,2.76,2,2,141.92,13,2,0.632,Medium,Yes,-6.5,Phase II
2389,416.76,1.4,3,10,106.2,13,1,0.509,High,Yes,-6.11,Phase I
2390,427.64,4.58,3,1,77.1,11,0,0.153,High,Yes,-8.32,Phase II
2391,211.54,1.74,3,10,129.7,13,2,0.66,Medium,Yes,-7.8,Preclinical
2392,280.29,2.45,2,4,89.01,10,4,0.32,Low,Yes,-7.75,Phase II
2393,237.76,3.17,0,10,96.63,5,4,0.7,Low,Yes,-6.71,Preclinical
2394,301.25,1.79,3,10,88.72,9,1,0.25,Medium,No,-7.86,Phase III
2395,343.74,0.28,0,11,1.59,11,1,0.561,Medium,Yes,-6.81,Preclinical
2396,241.28,1.99,1,8,138.14,7,3,0.51,Medium,Yes,-7.88,Preclinical
2397,280.86,3.74,5,2,104.73,9,3,0.349,Low,No,-5.82,Phase I
2398,274.7,2.1,5,11,99.89,3,3,0.845,Medium,No,-7.52,Phase II
2399,365.55,1.48,0,8,88.15,9,0,0.508,Low,Yes,-7.7,Phase II
2400,355.2,3.61,0,1,94.9,7,4,0.395,Medium,Yes,-6.99,Preclinical
2401,295.87,2.1,5,1,72.08,8,3,0.575,Low,Yes,-5.05,Preclinical
2402,363.26,1.89,3,4,108.5,12,4,0.136,Low,No,-8.41,Preclinical
2403,309.0,2.68,4,7,50.79,12,1,1.113,Low,No,-5.94,Phase I
2404,329.63,3.42,4,9,95.58,3,0,0.229,High,Yes,-8.73,Phase I
2405,475.51,5.36,2,5,106.85,0,1,0.638,Low,Yes,-7.43,Phase I
2406,450.53,3.49,5,2,84.04,2,4,0.515,Low,Yes,-8.69,Phase II
2407,252.53,3.89,5,7,101.13,0,5,0.795,Low,Yes,-8.06,Phase I
2408,412.23,1.89,2,11,60.26,6,5,0.544,Medium,Yes,-8.52,Phase III
2409,410.85,1.27,4,2,61.03,11,3,0.34,Low,No,-6.45,Preclinical
2410,263.88,2.57,1,9,97.1,0,5,0.036,High,Yes,-8.25,Phase I
2411,411.41,2.63,3,9,110.36,10,1,0.055,Medium,No,-6.7,Phase I
2412,465.34,1.21,3,3,33.75,3,5,0.44,Low,No,-8.29,Preclinical
2413,265.81,2.29,1,8,105.66,12,2,0.843,Medium,No,-7.51,Phase I
2414,281.19,2.98,1,11,73.7,13,0,0.082,Low,Yes,-5.31,Preclinical
2415,426.32,2.93,4,4,84.22,0,4,0.962,Medium,Yes,-8.62,Preclinical
2416,370.36,3.11,2,3,49.81,12,3,0.772,Low,Yes,-8.59,Phase I
2417,391.36,2.85,1,1,64.45,12,1,0.163,High,No,-7.87,Preclinical
2418,375.54,1.89,2,5,118.98,1,0,0.229,Medium,Yes,-7.53,Preclinical
2419,379.3,1.88,0,11,90.99,10,3,0.254,Medium,Yes,-6.57,Phase I
2420,250.51,1.06,3,4,78.52,14,1,0.575,Low,Yes,-7.44,Phase I
2421,428.55,4.64,4,1,86.51,13,5,0.486,Low,Yes,-7.13,Preclinical
2422,437.72,2.52,3,10,104.68,0,4,0.477,Medium,No,-9.23,Preclinical
2423,332.8,2.23,4,8,103.21,12,2,0.374,Medium,Yes,-7.05,Phase I
2424,346.74,1.39,0,8,87.75,4,2,0.545,Low,Yes,-7.01,Phase II
2425,235.17,6.02,3,8,122.79,6,5,0.709,Low,Yes,-6.49,Phase III
2426,388.57,1.21,0,3,119.11,2,4,0.468,Low,Yes,-7.99,Preclinical
2427,392.9,1.99,4,6,102.4,13,0,0.334,Medium,No,-7.51,Preclinical
2428,345.34,3.0,1,7,91.64,7,4,0.748,Low,Yes,-6.44,Preclinical
2429,434.33,3.22,3,9,109.72,13,5,0.445,Low,Yes,-9.09,Phase I
2430,324.94,3.65,0,5,99.43,14,1,0.638,Low,No,-10.19,Phase I
2431,392.35,4.67,5,9,121.82,4,0,0.475,Low,No,-9.16,Phase I
2432,273.53,3.11,3,6,116.99,4,2,0.771,Low,Yes,-8.46,Phase II
2433,348.23,1.23,3,10,59.45,12,5,0.808,High,Yes,-5.89,Phase II
2434,336.92,2.19,3,10,57.42,4,1,0.8,Low,Yes,-4.46,Phase III
2435,366.9,2.87,2,10,68.96,7,5,0.362,High,Yes,-8.86,Preclinical
2436,322.29,4.98,0,4,119.28,1,3,0.359,Low,Yes,-7.63,Preclinical
2437,340.14,0.82,0,1,42.71,1,3,0.718,Low,Yes,-8.29,Preclinical
2438,411.95,3.94,3,1,101.84,14,3,0.484,Low,No,-6.78,Preclinical
2439,317.24,2.72,1,10,100.88,13,2,0.491,Medium,Yes,-7.08,Phase III
2440,229.51,3.51,3,5,124.88,11,4,0.326,Medium,No,-8.81,Preclinical
2441,481.22,2.38,2,3,95.41,7,0,0.852,Low,No,-8.43,Phase I
2442,453.61,1.49,4,5,49.7,8,2,0.76,Low,No,-7.71,Preclinical
2443,253.08,3.4,2,5,61.22,10,1,0.47,High,Yes,-5.65,Preclinical
2444,401.73,3.29,1,1,54.54,11,1,0.339,High,No,-8.48,Preclinical
2445,312.28,3.67,3,8,73.86,9,3,0.328,Low,No,-9.83,Preclinical
2446,369.76,2.48,0,5,84.51,9,0,0.533,Medium,Yes,-5.55,Phase I
2447,372.07,1.78,5,5,55.04,1,3,0.597,Low,Yes,-6.75,Phase III
2448,332.42,0.63,3,9,134.12,3,1,0.284,Low,Yes,-9.24,Phase I
2449,291.22,3.48,1,8,50.24,7,1,0.189,Low,Yes,-7.04,Phase I
2450,298.21,3.01,0,1,130.38,1,4,0.52,Low,Yes,-6.28,Preclinical
2451,281.29,1.34,2,3,125.55,3,4,0.716,Medium,Yes,-7.36,Phase II
2452,287.61,1.85,4,7,116.95,9,4,0.518,Low,No,-5.46,Preclinical
2453,344.96,1.94,4,1,69.19,12,3,0.438,Medium,Yes,-6.67,Phase III
2454,296.32,0.72,3,1,100.27,12,5,0.217,High,No,-7.04,Phase I
2455,401.15,1.52,2,5,51.68,0,0,0.342,Low,Yes,-7.19,Preclinical
2456,461.54,1.14,5,9,117.33,1,4,0.72,Low,No,-7.3,Phase I
2457,306.5,2.01,5,6,87.78,6,2,0.187,Medium,Yes,-6.18,Phase III
2458,367.96,1.61,1,10,77.72,0,4,0.943,Low,Yes,-7.72,Preclinical
2459,387.48,0.55,4,2,53.29,11,3,0.521,Low,No,-6.08,Preclinical
2460,385.4,4.93,2,11,15.67,0,0,0.103,Low,Yes,-7.03,Preclinical
2461,355.7,4.0,3,9,58.84,1,4,0.626,Low,Yes,-7.34,Phase I
2462,405.7,1.57,0,6,123.38,3,0,0.613,High,No,-7.96,Preclinical
2463,386.17,2.83,3,5,77.91,6,2,0.391,Medium,Yes,-7.95,Phase II
2464,257.18,3.0,3,5,84.92,3,1,0.735,Low,No,-7.02,Phase III
2465,415.19,3.93,2,3,109.67,4,0,0.345,Medium,Yes,-5.98,Phase III
2466,416.55,1.52,4,6,144.17,3,5,0.658,High,Yes,-6.74,Preclinical
2467,292.75,3.81,2,4,129.75,3,4,0.491,Low,Yes,-8.57,Phase I
2468,352.85,1.84,0,10,60.83,8,3,0.429,Low,No,-9.9,Preclinical
2469,401.25,0.9,2,2,31.72,14,5,0.836,High,Yes,-6.39,Phase I
2470,334.3,3.37,1,3,160.79,5,5,0.746,High,No,-3.48,Phase II
2471,430.47,4.05,3,9,158.07,11,3,0.223,Low,No,-7.91,Phase I
2472,527.29,5.61,4,11,95.65,2,3,0.595,Low,Yes,-8.2,Phase III
2473,291.05,1.06,5,11,51.89,5,3,0.973,Low,Yes,-6.27,Phase II
2474,246.42,3.34,0,9,118.9,12,5,0.842,Low,No,-8.79,Preclinical
2475,372.79,2.01,5,6,86.76,6,0,0.273,Medium,Yes,-5.26,Phase I
2476,404.12,3.44,3,10,86.61,6,3,0.899,Low,Yes,-6.88,Preclinical
2477,332.69,0.74,2,10,116.83,7,1,0.733,Low,Yes,-7.54,Preclinical
2478,458.99,0.98,5,9,100.03,12,5,0.238,Low,No,-8.66,Preclinical
2479,249.6,1.57,1,4,54.43,3,5,0.552,High,No,-6.18,Phase III
2480,401.97,2.59,2,11,80.26,0,5,0.619,Low,Yes,-8.17,Phase I
2481,304.56,1.73,3,5,109.83,5,2,0.231,Low,Yes,-6.44,Phase II
2482,478.95,3.29,5,10,105.31,7,0,0.677,High,No,-6.9,Phase II
2483,499.44,3.73,0,6,97.86,4,0,1.107,Medium,Yes,-5.56,Phase II
2484,292.5,3.22,5,9,118.0,12,3,0.841,Low,No,-7.26,Phase II
2485,308.78,4.44,5,5,79.15,2,5,0.54,Low,Yes,-2.83,Preclinical
2486,414.47,3.0,4,8,95.36,3,5,0.43,Low,No,-6.67,Phase II
2487,320.97,1.04,5,11,-11.27,7,3,0.582,Medium,No,-7.28,Phase I
2488,346.59,4.14,3,1,76.51,5,0,0.256,Low,Yes,-8.08,Phase I
2489,351.9,1.77,0,5,112.92,12,3,0.381,Low,Yes,-6.18,Preclinical
2490,206.02,3.59,3,10,78.29,14,3,0.01,Low,Yes,-8.05,Preclinical
2491,348.96,4.39,1,1,76.01,12,3,0.609,Low,Yes,-8.66,Phase III
2492,298.27,3.05,2,10,58.76,4,3,0.416,Medium,Yes,-8.2,Preclinical
2493,313.02,0.7,5,6,120.1,12,3,0.655,Low,No,-7.79,Phase I
2494,458.27,1.4,4,7,106.45,8,4,0.53,Low,Yes,-4.13,Preclinical
2495,255.76,4.09,0,5,114.76,9,4,0.247,High,Yes,-7.06,Preclinical
2496,410.99,2.3,4,1,38.21,2,5,0.55,Medium,No,-8.49,Preclinical
2497,329.08,2.6,4,6,85.19,6,5,0.322,Low,Yes,-5.87,Phase I
2498,329.02,3.41,4,10,81.6,8,4,0.914,Medium,Yes,-7.22,Phase III
2499,409.28,3.34,5,5,81.58,10,0,0.289,Low,No,-5.56,Preclinical
2500,375.5,2.83,0,6,71.52,12,2,0.382,Medium,No,-4.63,Preclinical
2501,392.8,2.25,0,11,79.62,10,0,0.247,Medium,Yes,-9.74,Phase I
2502,422.61,2.12,4,10,115.49,11,5,0.225,Medium,Yes,-11.06,Preclinical
2503,325.15,3.53,2,7,32.61,3,4,0.508,Medium,Yes,-4.51,Phase III
2504,304.08,3.16,5,7,143.32,9,0,0.189,Low,No,-8.53,Preclinical
2505,268.61,2.19,5,2,104.52,9,2,0.453,Medium,No,-10.05,Phase I
2506,288.09,3.8,3,3,88.73,2,3,0.608,Low,No,-8.29,Phase I
2507,571.18,2.35,5,6,117.21,0,1,0.394,Low,Yes,-8.95,Phase II
2508,443.35,1.48,4,3,46.44,8,4,-0.051,High,Yes,-8.66,Phase I
2509,248.67,1.59,1,2,70.06,12,4,0.833,Medium,No,-6.22,Preclinical
2510,250.82,1.33,4,4,86.37,0,2,0.567,High,Yes,-8.04,Preclinical
2511,386.14,2.17,0,5,130.97,1,3,0.57,Low,Yes,-9.93,Phase III
2512,391.04,3.98,5,11,88.61,8,3,0.442,Low,Yes,-7.45,Phase II
2513,391.17,1.53,5,10,103.5,4,1,0.703,Low,No,-8.78,Preclinical
2514,330.88,2.73,3,9,72.31,3,3,0.734,Medium,Yes,-7.87,Phase II
2515,340.59,1.71,1,3,104.61,8,2,0.759,Low,Yes,-7.79,Phase I
2516,374.59,2.19,5,3,140.32,8,5,0.567,Low,Yes,-6.23,Phase I
2517,356.44,0.69,3,6,119.87,1,3,0.156,Low,Yes,-8.26,Preclinical
2518,183.55,2.24,3,5,87.56,2,5,0.601,Medium,No,-6.45,Phase II
2519,332.77,2.27,1,6,110.26,11,5,0.567,Low,Yes,-9.89,Preclinical
2520,286.14,3.15,4,7,107.33,2,2,0.363,Medium,Yes,-6.15,Phase II
2521,363.14,2.77,4,11,105.2,4,4,0.3,Low,Yes,-5.55,Preclinical
2522,573.89,1.06,4,3,123.36,12,4,0.636,Low,Yes,-7.85,Phase II
2523,377.56,3.8,2,5,123.13,2,4,0.481,Low,Yes,-8.73,Preclinical
2524,326.49,2.75,4,8,86.19,9,0,0.402,High,Yes,-9.12,Preclinical
2525,419.14,2.74,1,4,109.26,5,4,0.918,Low,No,-7.54,Preclinical
2526,386.2,2.49,2,10,78.51,1,2,0.668,Low,Yes,-5.68,Preclinical
2527,381.51,1.88,4,2,62.31,5,1,0.609,Medium,Yes,-8.14,Phase I
2528,395.51,2.76,2,4,81.92,5,3,0.805,Low,Yes,-5.83,Preclinical
2529,504.24,3.07,1,2,87.71,1,4,0.583,Medium,Yes,-9.23,Phase III
2530,265.18,0.4,4,3,40.15,5,0,0.324,Low,Yes,-8.03,Phase I
2531,385.52,1.85,0,4,115.81,5,5,0.403,Low,No,-7.57,Phase I
2532,280.52,2.19,5,4,6.98,5,0,0.683,Low,Yes,-7.18,Preclinical
2533,391.66,2.81,1,10,171.44,11,2,0.656,Low,Yes,-8.0,Phase I
2534,281.1,3.93,3,9,135.06,12,1,0.612,Medium,Yes,-5.63,Preclinical
2535,318.7,1.57,3,10,82.17,13,4,0.216,Medium,Yes,-5.61,Phase II
2536,327.87,1.9,1,6,90.28,4,4,0.703,Medium,Yes,-7.76,Preclinical
2537,423.19,1.88,3,9,99.09,6,0,0.484,High,No,-8.28,Phase II
2538,418.88,1.54,1,4,72.33,12,2,0.65,Low,Yes,-8.4,Preclinical
2539,256.57,2.08,0,9,95.78,14,0,0.292,Low,Yes,-5.95,Phase III
2540,354.12,3.42,1,11,85.68,11,0,0.992,Medium,No,-8.5,Preclinical
2541,296.78,1.24,4,9,87.17,4,1,0.562,Medium,Yes,-9.69,Preclinical
2542,255.61,3.01,4,6,95.44,10,2,0.396,Low,Yes,-9.47,Phase I
2543,333.72,0.46,2,5,50.59,0,1,0.662,Medium,Yes,-6.5,Phase III
2544,326.86,1.83,3,3,91.19,11,2,0.715,Low,Yes,-9.55,Phase I
2545,532.0,2.1,5,5,94.9,8,4,0.659,Medium,Yes,-8.1,Preclinical
2546,382.47,4.51,3,3,93.87,2,3,0.251,Medium,Yes,-7.35,Phase I
2547,246.68,2.17,1,5,83.53,1,5,0.786,Medium,Yes,-10.02,Phase III
2548,307.64,-0.14,5,5,124.14,9,3,0.414,Low,No,-7.23,Preclinical
2549,426.6,0.1,5,2,79.39,5,2,0.496,Medium,No,-7.99,Preclinical
2550,506.63,2.54,3,9,96.82,7,3,-0.052,Medium,No,-10.36,Phase II
2551,231.05,3.24,5,7,128.92,1,0,0.384,Low,No,-7.21,Phase III
2552,209.01,2.95,5,6,87.62,3,4,0.382,Low,Yes,-6.91,Phase II
2553,490.32,2.7,4,5,96.43,1,5,0.613,High,Yes,-7.22,Phase III
2554,379.22,3.89,0,4,87.11,11,5,0.369,Low,Yes,-6.74,Preclinical
2555,284.88,1.85,1,8,127.12,11,5,0.095,Low,No,-7.11,Phase I
2556,390.1,3.57,3,2,82.27,8,4,0.561,Low,Yes,-6.4,Phase II
2557,152.32,0.54,4,8,128.5,9,3,0.437,Medium,Yes,-8.92,Phase II
2558,350.25,1.41,2,1,86.89,12,5,0.318,High,No,-9.6,Phase II
2559,374.59,0.33,5,10,64.22,14,5,0.522,Medium,No,-9.24,Phase III
2560,419.32,2.17,5,1,110.38,1,2,0.055,Low,No,-8.72,Preclinical
2561,273.96,2.44,3,3,80.86,9,0,0.655,Medium,Yes,-4.47,Preclinical
2562,356.43,2.64,0,5,108.62,1,2,0.454,Medium,Yes,-8.7,Preclinical
2563,280.59,2.57,0,6,8.12,13,3,0.433,Medium,Yes,-8.28,Phase II
2564,369.15,1.39,3,4,90.16,12,4,0.738,Low,Yes,-7.85,Preclinical
2565,282.85,2.27,3,7,76.21,4,4,0.366,Medium,Yes,-8.04,Phase II
2566,319.39,0.7,4,7,58.1,11,2,0.565,Low,Yes,-4.78,Preclinical
2567,275.31,4.14,3,2,73.4,4,1,0.468,Low,Yes,-10.09,Preclinical
2568,398.84,2.14,2,2,72.79,11,2,1.304,Medium,Yes,-4.22,Phase I
2569,414.38,1.91,4,2,88.56,6,1,0.622,High,No,-7.28,Phase II
2570,332.4,4.41,5,2,48.98,0,2,0.215,Low,No,-6.06,Preclinical
2571,352.87,1.01,5,9,99.49,11,1,0.938,High,Yes,-7.47,Phase II
2572,241.36,1.15,5,5,130.99,1,1,0.761,Low,Yes,-6.28,Phase I
2573,327.52,1.18,5,11,98.43,10,5,0.511,Medium,Yes,-8.92,Preclinical
2574,346.23,2.42,1,8,114.27,10,5,0.391,Low,Yes,-9.53,Preclinical
2575,546.56,3.02,2,5,122.84,5,1,0.168,Low,No,-3.61,Phase II
2576,266.6,3.39,4,11,127.09,1,1,0.608,Medium,No,-4.63,Preclinical
2577,459.81,5.59,4,5,146.1,3,0,0.331,Medium,No,-9.08,Phase III
2578,424.76,-0.2,5,1,75.02,9,1,0.28,Medium,Yes,-6.43,Phase I
2579,371.05,3.23,0,6,68.45,5,5,0.694,Medium,No,-5.76,Preclinical
2580,481.9,1.83,4,4,113.5,12,1,0.886,Medium,Yes,-6.51,Preclinical
2581,377.91,1.8,2,3,111.25,11,4,0.381,High,Yes,-7.81,Preclinical
2582,379.19,1.76,3,6,113.27,6,0,0.701,Low,Yes,-4.46,Phase I
2583,346.02,1.41,2,2,146.68,9,1,0.553,Low,No,-6.47,Phase I
2584,441.77,4.52,5,8,90.34,4,5,0.59,Low,Yes,-8.89,Phase II
2585,432.24,3.51,5,1,102.78,7,5,0.295,Low,Yes,-8.08,Preclinical
2586,303.07,2.53,1,9,60.59,5,3,0.447,Medium,Yes,-9.1,Preclinical
2587,251.06,4.12,4,8,154.06,4,5,0.226,Low,Yes,-7.66,Preclinical
2588,334.78,0.68,4,1,79.9,3,0,0.194,Low,Yes,-7.71,Preclinical
2589,290.0,0.9,4,10,80.75,5,5,0.63,Low,Yes,-6.37,Phase I
2590,345.24,-0.11,5,9,79.6,5,4,0.369,Medium,Yes,-6.39,Phase III
2591,442.81,1.66,4,2,70.65,5,2,0.271,Low,No,-6.92,Phase II
2592,315.7,2.69,0,3,68.12,0,4,0.198,Low,Yes,-6.96,Phase II
2593,346.79,2.62,0,2,74.29,5,4,0.122,Medium,Yes,-5.94,Preclinical
2594,354.35,2.68,3,8,49.03,0,0,0.011,Medium,Yes,-7.84,Preclinical
2595,413.63,0.81,4,2,66.44,4,0,0.528,Low,No,-11.09,Preclinical
2596,181.48,3.46,1,10,148.47,6,3,-0.157,Medium,Yes,-4.33,Preclinical
2597,304.5,2.79,3,2,112.07,0,5,0.618,Low,No,-8.87,Phase I
2598,365.85,3.38,5,1,117.78,12,3,0.616,High,Yes,-6.46,Preclinical
2599,440.01,0.23,4,7,125.32,0,0,0.475,Low,Yes,-8.01,Phase III
2600,313.11,2.87,0,2,145.02,12,5,0.519,High,No,-5.4,Phase III
2601,209.26,1.07,1,10,36.86,12,0,0.429,High,Yes,-8.94,Preclinical
2602,396.48,2.02,3,5,53.1,14,0,0.556,Medium,Yes,-8.57,Phase II
2603,302.35,3.14,1,5,65.89,5,2,0.553,Low,Yes,-8.25,Phase II
2604,260.78,2.61,4,3,75.91,14,4,0.825,Medium,Yes,-6.67,Preclinical
2605,303.17,1.48,2,3,80.98,6,3,0.883,Low,Yes,-7.17,Phase III
2606,336.16,2.51,1,3,76.59,5,3,0.876,High,No,-6.65,Preclinical
2607,304.64,0.66,1,6,96.58,4,1,0.301,Medium,No,-7.31,Phase II
2608,184.58,3.88,5,4,91.06,5,2,0.689,High,Yes,-6.1,Preclinical
2609,417.28,2.25,0,3,68.31,12,0,0.627,Medium,Yes,-6.08,Preclinical
2610,445.62,3.84,4,2,24.73,13,0,0.338,Medium,No,-5.23,Phase I
2611,398.86,1.87,1,3,60.21,2,2,0.278,Medium,Yes,-6.98,Phase III
2612,264.67,1.87,4,4,73.52,8,5,0.406,Low,Yes,-6.99,Preclinical
2613,334.89,1.58,0,6,82.59,14,3,0.235,Low,No,-4.85,Preclinical
2614,349.51,3.55,5,4,56.11,4,0,0.153,Medium,No,-5.7,Phase I
2615,394.91,1.65,4,8,75.28,1,1,0.624,High,No,-6.72,Preclinical
2616,400.13,3.27,0,3,56.07,13,3,0.508,Medium,No,-9.59,Phase II
2617,294.94,2.04,0,3,86.23,13,4,0.507,High,No,-10.03,Phase II
2618,356.15,0.13,3,3,57.81,11,2,0.732,High,Yes,-6.58,Phase III
2619,384.3,1.82,5,8,64.53,9,3,0.451,Medium,No,-6.52,Phase II
2620,459.19,1.09,5,4,50.74,9,4,0.708,Low,Yes,-8.58,Phase III
2621,402.84,2.54,4,1,85.39,6,1,0.315,Medium,Yes,-6.97,Phase II
2622,409.18,1.07,2,2,64.01,2,5,0.314,Low,Yes,-8.87,Phase III
2623,356.29,3.61,3,10,117.2,0,2,0.503,Low,No,-6.64,Preclinical
2624,455.78,2.39,5,2,102.18,2,5,1.03,Low,Yes,-6.6,Phase I
2625,380.73,2.29,0,3,87.9,8,0,0.821,High,No,-6.61,Phase III
2626,285.42,3.29,5,6,66.08,4,5,0.775,Low,Yes,-7.0,Phase II
2627,455.25,3.66,2,8,101.42,6,0,0.157,Medium,Yes,-7.94,Phase III
2628,402.34,2.48,1,1,110.72,2,4,0.536,Medium,No,-7.82,Preclinical
2629,316.77,1.57,1,9,94.28,3,3,0.705,Medium,No,-5.76,Phase III
2630,314.04,0.37,5,1,138.11,0,1,1.021,Medium,No,-6.88,Phase II
2631,372.24,1.68,5,10,103.79,2,4,0.079,Medium,Yes,-6.77,Preclinical
2632,384.74,1.76,3,2,117.41,6,1,0.683,Low,No,-7.37,Preclinical
2633,364.8,2.63,5,3,94.01,3,5,0.766,Low,No,-6.52,Preclinical
2634,373.35,2.09,2,7,110.27,14,1,0.613,High,Yes,-6.06,Phase III
2635,477.5,3.33,5,9,66.1,1,5,0.162,Low,Yes,-8.44,Phase II
2636,430.37,1.76,4,3,76.25,13,1,0.563,Medium,Yes,-6.61,Phase III
2637,364.3,2.43,2,8,100.48,4,2,0.607,Medium,No,-7.84,Phase I
2638,420.6,3.92,3,9,100.26,14,4,0.544,Low,Yes,-7.03,Phase III
2639,272.56,2.91,4,10,105.23,4,2,0.329,High,Yes,-6.25,Phase I
2640,379.84,2.43,4,7,123.01,14,3,0.298,Medium,No,-9.68,Preclinical
2641,485.7,1.78,1,4,47.25,1,3,0.614,Low,Yes,-9.13,Preclinical
2642,333.65,1.74,2,4,60.77,14,0,0.331,High,No,-8.49,Phase III
2643,286.43,1.48,4,4,96.89,14,0,0.337,Medium,Yes,-8.6,Preclinical
2644,301.09,1.85,3,6,68.27,10,0,0.465,Low,Yes,-7.74,Preclinical
2645,268.28,3.41,1,4,191.33,5,3,0.54,Medium,Yes,-4.96,Preclinical
2646,291.14,2.23,4,5,105.47,9,1,0.76,Low,No,-5.73,Preclinical
2647,322.21,0.88,2,9,87.65,3,5,0.201,Medium,No,-8.37,Phase III
2648,244.58,4.62,1,7,74.54,13,1,0.176,Low,No,-6.2,Phase I
2649,351.17,2.88,2,8,75.6,0,4,0.404,Medium,No,-7.56,Phase I
2650,417.67,0.81,2,5,90.9,2,3,0.05,Medium,Yes,-6.98,Phase III
2651,281.92,1.97,2,5,93.36,13,5,0.647,High,Yes,-8.97,Phase I
2652,463.95,2.63,1,11,76.3,8,5,0.002,Medium,Yes,-9.48,Phase II
2653,388.31,4.55,4,7,81.81,9,5,0.677,Low,Yes,-6.4,Preclinical
2654,427.29,1.17,5,11,130.33,6,0,0.777,High,No,-7.45,Phase III
2655,300.66,3.67,0,8,131.54,12,5,0.565,Medium,Yes,-6.72,Preclinical
2656,414.09,4.18,4,9,97.56,5,5,0.036,Medium,No,-5.11,Phase II
2657,268.1,1.75,1,2,49.76,13,3,0.527,Low,No,-7.86,Phase II
2658,416.77,2.17,0,3,106.16,0,1,0.301,High,Yes,-7.84,Preclinical
2659,362.89,1.26,0,2,136.63,8,1,0.199,High,No,-4.85,Preclinical
2660,391.49,2.26,0,10,131.09,12,2,0.645,Medium,Yes,-7.47,Preclinical
2661,261.83,2.46,5,7,112.03,8,2,0.692,High,No,-8.7,Preclinical
2662,282.87,3.29,3,2,132.67,0,4,0.821,Low,Yes,-6.4,Phase I
2663,394.79,3.81,1,2,91.6,13,3,0.429,High,Yes,-7.86,Phase III
2664,278.87,1.6,5,2,108.84,12,2,0.543,Low,Yes,-8.73,Phase I
2665,384.74,0.14,5,4,69.58,12,2,0.916,Low,No,-7.37,Phase I
2666,247.46,2.47,3,1,98.77,14,3,1.024,Medium,No,-6.26,Preclinical
2667,413.61,2.85,0,2,129.89,5,1,0.77,Medium,Yes,-9.24,Preclinical
2668,257.56,2.8,3,3,72.32,6,4,0.413,Low,No,-9.27,Phase I
2669,391.42,2.11,3,7,64.16,1,4,0.502,Low,Yes,-7.62,Phase III
2670,396.92,2.65,5,10,92.92,9,4,0.455,Low,No,-9.15,Phase III
2671,297.74,4.32,1,1,83.2,7,2,0.676,Low,Yes,-9.41,Preclinical
2672,393.65,2.96,2,6,109.47,7,1,0.295,Low,Yes,-7.49,Phase I
2673,369.53,2.05,3,3,76.4,5,4,0.58,Low,No,-5.84,Phase I
2674,309.59,1.9,3,3,141.55,8,3,0.582,Low,Yes,-6.32,Phase II
2675,274.36,2.3,0,4,51.31,2,4,0.596,High,Yes,-7.66,Phase II
2676,202.8,4.46,0,4,127.61,1,0,0.244,Medium,Yes,-5.58,Phase II
2677,376.22,2.28,5,7,67.05,1,1,0.562,Low,Yes,-4.9,Preclinical
2678,232.64,2.48,0,3,36.12,5,0,0.942,High,Yes,-6.76,Phase III
2679,357.15,1.92,4,8,97.14,6,1,0.386,Medium,No,-8.05,Preclinical
2680,330.24,3.82,3,8,82.36,5,5,0.565,Low,Yes,-5.16,Phase I
2681,400.94,4.85,0,11,56.71,10,3,0.039,Low,Yes,-5.22,Phase III
2682,327.35,3.04,1,7,39.56,2,5,0.563,Low,Yes,-7.12,Phase I
2683,325.29,2.6,4,2,89.75,4,2,0.554,Low,No,-5.67,Preclinical
2684,404.89,2.54,5,5,119.28,7,2,0.529,Low,No,-8.67,Preclinical
2685,375.13,-0.36,2,6,107.55,5,5,0.683,Medium,No,-10.6,Phase I
2686,373.71,3.39,3,10,91.7,1,1,0.43,Medium,Yes,-8.96,Preclinical
2687,385.2,2.66,3,4,104.37,14,4,0.794,Medium,Yes,-7.19,Phase I
2688,234.83,3.01,1,10,89.18,6,0,0.279,Low,No,-7.61,Preclinical
2689,406.76,1.65,2,5,47.11,7,3,0.861,Medium,No,-6.06,Phase II
2690,395.94,2.04,2,9,47.37,3,4,0.553,Medium,Yes,-9.73,Preclinical
2691,273.75,2.01,5,11,83.9,11,2,0.482,High,Yes,-9.7,Phase II
2692,331.69,3.73,5,7,85.18,0,4,0.142,Low,Yes,-6.36,Phase I
2693,347.05,2.05,4,2,115.53,1,5,0.223,High,Yes,-9.65,Phase I
2694,339.91,5.0,3,11,112.72,3,5,0.588,Medium,No,-7.91,Preclinical
2695,375.04,3.02,0,1,108.15,6,0,0.321,Medium,Yes,-7.46,Phase I
2696,457.35,0.97,5,2,81.59,1,2,0.749,Medium,Yes,-8.48,Phase II
2697,431.13,2.35,1,3,48.58,5,1,0.572,Low,Yes,-6.63,Preclinical
2698,251.58,1.72,1,11,102.36,1,3,0.144,High,Yes,-10.59,Phase II
2699,396.66,-0.13,1,2,105.76,11,5,0.69,Low,Yes,-4.75,Phase III
2700,449.67,4.42,5,11,18.34,6,3,0.459,Medium,Yes,-8.0,Preclinical
2701,379.01,3.34,5,3,64.97,1,2,0.489,Low,No,-7.76,Phase I
2702,431.82,3.14,1,10,69.27,2,1,0.761,Low,Yes,-3.46,Phase I
2703,500.92,2.7,5,11,93.55,8,5,0.151,Medium,Yes,-9.54,Preclinical
2704,426.78,0.84,0,11,65.9,12,0,0.219,High,Yes,-9.07,Preclinical
2705,368.7,1.92,0,9,88.86,14,3,0.581,Low,Yes,-5.39,Phase III
2706,428.38,3.51,4,4,83.68,3,2,0.075,High,Yes,-9.83,Phase I
2707,360.87,1.24,3,9,85.23,13,3,0.348,Medium,Yes,-6.76,Phase III
2708,351.79,-0.54,0,11,68.51,4,1,0.745,Low,No,-8.41,Phase II
2709,323.64,2.23,4,3,70.83,8,0,0.473,Low,Yes,-9.92,Preclinical
2710,467.26,2.33,2,1,57.59,6,1,0.156,Medium,No,-6.71,Preclinical
2711,288.62,2.66,3,11,101.4,7,5,0.547,Low,Yes,-6.67,Phase II
2712,464.93,3.37,0,5,107.13,14,4,0.399,Low,Yes,-7.5,Phase I
2713,387.49,3.27,2,10,66.88,10,1,0.324,Low,No,-4.4,Preclinical
2714,245.05,2.81,4,10,135.62,2,1,1.389,Low,Yes,-8.66,Phase I
2715,377.57,3.93,0,2,80.56,10,3,0.644,Medium,Yes,-6.2,Phase II
2716,192.5,0.68,0,4,135.91,10,1,0.429,Low,Yes,-7.01,Phase II
2717,396.91,3.11,5,2,70.74,3,2,0.725,Low,Yes,-6.04,Preclinical
2718,416.39,3.25,2,2,29.2,6,5,0.427,Low,Yes,-8.26,Preclinical
2719,305.57,1.01,0,3,102.07,3,3,0.37,Low,Yes,-9.58,Phase III
2720,359.27,0.7,1,5,97.46,1,3,0.575,Low,No,-8.52,Phase III
2721,496.56,1.6,5,4,91.03,13,4,0.627,Medium,No,-7.6,Preclinical
2722,312.07,1.71,5,2,70.73,9,5,0.731,Medium,Yes,-6.48,Phase II
2723,270.58,3.4,0,11,88.96,5,2,0.856,Low,Yes,-7.47,Preclinical
2724,461.12,1.76,5,10,74.66,8,5,0.797,Low,Yes,-7.18,Preclinical
2725,497.19,1.47,3,2,80.93,1,1,0.714,Low,Yes,-4.91,Preclinical
2726,350.28,1.77,2,6,115.25,0,4,0.74,Low,No,-7.54,Preclinical
2727,425.86,3.84,3,7,95.53,7,2,0.796,Medium,Yes,-8.3,Phase III
2728,450.61,2.52,4,10,108.3,0,4,0.677,Low,Yes,-6.84,Phase I
2729,294.31,2.28,3,6,83.04,0,5,0.104,Low,No,-10.07,Preclinical
2730,313.6,2.37,1,7,79.74,2,0,0.624,Medium,No,-10.08,Phase II
2731,442.32,4.05,5,1,55.4,4,5,0.844,Low,No,-7.7,Phase II
2732,476.38,1.6,5,6,78.9,12,1,0.299,Medium,No,-8.9,Preclinical
2733,392.22,4.08,1,11,-9.63,11,4,0.402,Medium,No,-8.41,Phase I
2734,284.01,2.75,5,3,72.29,8,0,0.485,Low,Yes,-6.1,Phase II
2735,499.03,2.31,3,1,87.54,10,1,0.548,Medium,Yes,-6.71,Phase II
2736,310.18,5.5,4,8,106.91,9,4,0.361,Medium,Yes,-7.62,Phase II
2737,324.86,1.23,0,4,81.94,1,4,0.514,Low,Yes,-7.38,Preclinical
2738,375.68,2.08,1,10,100.43,11,5,0.628,Medium,No,-8.14,Preclinical
2739,466.56,1.02,3,8,24.61,11,4,-0.003,Medium,Yes,-6.23,Phase II
2740,414.05,3.64,3,10,88.29,0,4,0.519,High,Yes,-6.31,Phase III
2741,381.11,4.53,3,11,39.61,0,3,0.404,Medium,Yes,-6.01,Preclinical
2742,384.75,4.5,0,4,53.75,7,4,0.073,High,Yes,-6.08,Preclinical
2743,353.26,3.97,2,4,84.39,9,5,0.641,Low,No,-7.42,Phase III
2744,391.86,2.26,5,10,128.29,9,3,0.578,Medium,Yes,-8.55,Preclinical
2745,160.28,2.06,5,4,101.14,9,3,0.541,Low,Yes,-7.75,Preclinical
2746,327.75,0.49,4,6,90.55,1,0,0.653,Low,Yes,-7.33,Preclinical
2747,368.1,4.94,2,9,89.41,12,1,0.58,Medium,No,-8.51,Phase I
2748,263.67,3.06,5,5,68.59,8,3,0.316,Medium,No,-5.06,Preclinical
2749,378.97,1.91,4,10,73.68,8,2,0.681,Low,Yes,-5.05,Phase I
2750,334.66,4.09,4,8,102.82,1,3,0.724,Medium,No,-7.68,Preclinical
2751,481.66,1.33,3,8,48.44,2,2,0.229,Low,No,-5.95,Phase III
2752,467.98,2.99,1,4,107.79,1,0,0.72,Low,No,-6.66,Phase III
2753,315.06,2.29,3,11,78.34,5,2,0.429,Low,No,-8.24,Phase III
2754,338.69,3.27,0,10,114.77,14,0,0.653,Low,No,-6.88,Phase III
2755,344.45,2.42,5,9,118.83,6,0,0.538,Low,Yes,-8.66,Phase II
2756,316.13,0.76,4,9,39.81,11,0,0.457,Medium,No,-8.82,Preclinical
2757,364.63,2.59,1,5,72.55,5,2,0.635,Low,No,-6.78,Preclinical
2758,293.13,3.76,5,6,64.33,2,2,0.417,Low,No,-6.77,Preclinical
2759,265.2,2.46,4,5,35.62,11,0,0.77,Medium,No,-3.46,Preclinical
2760,396.7,3.43,4,3,59.02,14,0,0.811,Medium,Yes,-7.73,Phase I
2761,397.21,1.25,3,11,163.24,2,1,0.363,Low,Yes,-8.29,Phase III
2762,289.68,2.47,1,8,108.29,11,0,0.458,Low,Yes,-6.12,Phase I
2763,417.15,1.75,1,9,147.52,1,4,0.406,Low,No,-7.54,Phase I
2764,302.63,3.4,5,4,114.87,1,1,0.594,Medium,Yes,-8.47,Phase II
2765,368.99,2.54,4,9,67.74,10,1,0.828,High,Yes,-8.38,Preclinical
2766,411.53,3.33,1,9,78.55,11,1,0.083,Medium,Yes,-7.77,Phase III
2767,347.48,3.81,1,7,107.65,4,4,0.145,Low,Yes,-5.92,Phase I
2768,384.11,3.33,5,8,103.13,10,1,0.479,Medium,No,-6.85,Preclinical
2769,311.27,2.83,3,3,72.68,10,1,0.546,Low,No,-8.75,Phase III
2770,335.27,1.3,2,5,44.7,7,2,0.265,Low,No,-4.75,Phase I
2771,334.56,2.5,0,3,188.63,5,5,0.545,Low,Yes,-8.86,Phase I
2772,294.01,1.86,2,7,85.77,8,2,0.315,Medium,No,-8.61,Phase I
2773,336.74,2.09,1,6,80.23,10,0,0.388,Medium,Yes,-5.75,Phase II
2774,233.85,2.05,4,11,93.4,4,0,0.817,Medium,Yes,-5.25,Preclinical
2775,313.16,1.32,0,3,82.72,9,3,0.414,Medium,No,-6.97,Phase III
2776,328.63,0.15,0,9,93.68,3,5,0.41,Low,No,-9.44,Phase III
2777,330.79,1.7,4,1,128.61,8,4,0.533,Low,No,-7.35,Phase I
2778,331.89,2.73,0,10,86.26,11,2,0.773,Medium,Yes,-9.55,Phase II
2779,345.37,0.88,4,3,55.12,9,0,0.489,Medium,Yes,-3.77,Phase III
2780,385.96,2.52,0,11,85.15,10,4,0.36,Medium,Yes,-7.07,Preclinical
2781,415.59,4.78,5,10,76.07,13,1,0.645,Low,Yes,-6.3,Phase III
2782,301.27,3.73,5,11,132.72,4,4,0.703,Medium,Yes,-8.06,Phase II
2783,259.76,4.47,2,7,125.13,0,2,0.786,Low,Yes,-4.79,Phase I
2784,271.85,2.97,0,3,93.23,4,5,0.491,Medium,Yes,-8.25,Phase II
2785,313.46,3.9,3,3,51.64,14,3,0.619,Low,Yes,-8.79,Phase I
2786,323.61,1.63,4,2,53.22,4,2,0.698,High,No,-7.04,Preclinical
2787,292.25,1.73,0,9,90.45,4,5,0.545,Low,No,-6.18,Phase II
2788,252.79,-0.79,5,11,100.09,12,0,0.83,Medium,No,-4.31,Phase I
2789,315.79,3.92,5,4,78.76,1,0,0.663,Medium,Yes,-5.08,Phase II
2790,363.61,4.35,4,10,75.59,12,4,0.971,Low,Yes,-5.71,Preclinical
2791,394.63,1.84,3,6,72.22,5,2,0.729,Low,Yes,-8.53,Phase I
2792,308.19,2.2,0,2,89.3,4,0,0.018,Medium,Yes,-8.56,Phase II
2793,319.03,1.6,0,9,18.52,1,1,0.4,Low,Yes,-8.82,Phase III
2794,280.5,2.96,3,7,56.96,11,1,0.096,Low,Yes,-7.73,Phase III
2795,347.64,3.85,3,10,71.19,9,3,0.34,High,No,-10.37,Phase III
2796,286.37,0.41,3,5,126.23,14,4,0.407,Medium,Yes,-5.45,Preclinical
2797,392.98,2.99,5,7,65.59,14,0,0.717,Low,No,-9.04,Phase II
2798,216.06,2.17,4,4,95.41,13,3,0.39,Medium,No,-9.22,Preclinical
2799,323.03,2.64,3,10,96.8,7,1,0.849,Medium,Yes,-8.11,Preclinical
2800,372.58,3.05,4,7,128.94,5,3,0.333,Medium,Yes,-9.51,Preclinical
